guid,itemId,type,itemWatt,batteryCapacityWh,itemCategory,manufacturerID
9.15183,Promo_CABLES6mm²Noir,Discount,0.00,0,Other,AAB84CAD
9.13485,41-113485,InvtPart,0.00,0,Charging Stations,17A9B2E8
9.12357,41-112357,InvtPart,0.00,0,Charging Stations,17A9B2E8
9.12355,41-112355,InvtPart,0.00,0,Charging Stations,17A9B2E8
9.14733,41-114733,InvtPart,0.00,0,Charging Stations,17A9B2E8
9.14734,41-114734,InvtPart,0.00,0,Charging Stations,17A9B2E8
9.12418,41-112418,InvtPart,0.00,0,Charging Stations,17A9B2E8
9.12569,41-112569,InvtPart,0.00,0,Charging Stations,17A9B2E8
9.13681,41-113681,InvtPart,0.00,0,Charging Stations,17A9B2E8
9.14743,41-114743,InvtPart,0.00,0,Charging Stations,17A9B2E8
9.12857,41-112857,InvtPart,0.00,0,Charging Stations,17A9B2E8
9.12752,41-112752,InvtPart,0.00,0,Charging Stations,17A9B2E8
9.14745,41-114745,InvtPart,0.00,0,Charging Stations,17A9B2E8
9.12568,41-112568,InvtPart,0.00,0,Charging Stations,17A9B2E8
9.12365,41-112365,InvtPart,0.00,0,Charging Stations,17A9B2E8
9.12627,38-112627,NonInvtPart,0.00,0,Charging Stations,17A9B2E8
9.12571,41-112571,InvtPart,0.00,0,Charging Stations,17A9B2E8
9.12629,38-112629,NonInvtPart,0.00,0,Charging Stations,17A9B2E8
9.12364,41-112364,InvtPart,0.00,0,Charging Stations,17A9B2E8
9.14625,38-114625,NonInvtPart,0.00,0,Charging Stations,17A9B2E8
9.13349,40-113349,InvtPart,0.00,0,Charging Stations,17A9B2E8
9.13595,41-113595,InvtPart,0.00,0,Charging Stations,17A9B2E8
9.13350,40-113350,InvtPart,0.00,0,Charging Stations,17A9B2E8
9.12533,40-112533,InvtPart,0.00,0,Charging Stations,17A9B2E8
9.13025,38-113025,NonInvtPart,0.00,0,Charging Stations,17A9B2E8
9.12370,38-112370,NonInvtPart,0.00,0,Other,AAB84CAD
9.14223,41-114223,InvtPart,0.00,0,Charging Stations,54BC1B3D
9.8943,37-016968,InvtPart,0.00,0,Other,0EDD91EB
9.13728,37-113728,InvtPart,0.00,0,Other,0EDD91EB
9.16696,41-116696,InvtPart,0.00,0,Charging Stations,CB1F0617
9.8302,37-008624,InvtPart,0.00,0,Other,E76B12B7
9.7006,34-001342,InvtPart,0.00,0,Racking,D3820F85
9.5926,35-013446,InvtPart,0.00,0,Storage,BB5B98F7
9.12675,37-112675,InvtPart,0.00,0,Other,BB5B98F7
9.5747,35-013892,InvtPart,0.00,4000,Storage,BB5B98F7
9.12425,40-112425,InvtPart,0.00,0,Storage,BB5B98F7
9.12427,40-112427,InvtPart,0.00,0,Storage,BB5B98F7
9.12749,35-112749,InvtPart,0.00,0,Storage,BB5B98F7
9.6766,35-016740,InvtPart,0.00,0,Storage,BB5B98F7
9.6587,35-013447,InvtPart,0.00,15360,Storage,BB5B98F7
9.12674,37-112674,InvtPart,0.00,0,Other,BB5B98F7
9.10160,35-010859,InvtPart,0.00,2560,Storage,BB5B98F7
9.15185,Promo_CABLES6mm²100,Discount,0.00,0,Other,AAB84CAD
9.15223,Promo_HUA_L1,Discount,0.00,0,Other,AAB84CAD
9.14723,Kit Discount,Discount,0.00,0,Other,AAB84CAD
9.15184,Promo_CABLES6mm²Rouge,Discount,0.00,0,Other,AAB84CAD
9.11957,Promotional Discount,Discount,0.00,0,Other,AAB84CAD
9.16776,Promo_Huawei100KTL,Discount,0.00,0,Other,AAB84CAD
9.11959,Free Gift Promotion,Discount,0.00,0,Other,AAB84CAD
9.13497,41-113497,InvtPart,0.00,0,Charging Stations,17A9B2E8
9.14744,41-114744,InvtPart,0.00,0,Charging Stations,17A9B2E8
9.12757,41-112753,InvtPart,0.00,0,Charging Stations,17A9B2E8
9.12363,41-112363,InvtPart,0.00,0,Charging Stations,17A9B2E8
9.12570,41-112570,InvtPart,0.00,0,Charging Stations,17A9B2E8
9.12360,41-112360,InvtPart,0.00,0,Charging Stations,17A9B2E8
9.12628,38-112628,NonInvtPart,0.00,0,Charging Stations,17A9B2E8
9.13351,40-113351,InvtPart,0.00,0,Charging Stations,17A9B2E8
9.12361,41-112361,InvtPart,0.00,0,Charging Stations,17A9B2E8
9.12626,38-112626,NonInvtPart,0.00,0,Charging Stations,17A9B2E8
9.12356,41-112356,InvtPart,0.00,0,Charging Stations,17A9B2E8
9.12856,41-112856,InvtPart,0.00,0,Charging Stations,17A9B2E8
9.12636,39-012636,InvtPart,0.00,0,Shelter,585A99B6
9.14763,41-114763,InvtPart,0.00,0,Charging Stations,585A99B6
9.14063,41-114063,InvtPart,0.00,0,Charging Stations,54BC1B3D
9.13727,37-113727,InvtPart,0.00,0,Other,0EDD91EB
9.9397,37-016969,InvtPart,0.00,0,Other,0EDD91EB
9.16693,41-116693,InvtPart,0.00,0,Charging Stations,CB1F0617
9.16694,41-116694,InvtPart,0.00,0,Charging Stations,CB1F0617
9.16697,41-116697,InvtPart,0.00,0,Charging Stations,CB1F0617
9.16692,41-116692,InvtPart,0.00,0,Charging Stations,CB1F0617
9.16691,41-116691,InvtPart,0.00,0,Charging Stations,CB1F0617
9.12603,40-112603,InvtPart,0.00,0,Other,C8B06A8D
9.5727,35-013429,InvtPart,0.00,2560,Storage,BB5B98F7
9.10163,35-010860,InvtPart,0.00,0,Storage,BB5B98F7
9.9561,37-018015,InvtPart,0.00,0,Other,BB5B98F7
9.12549,35-112549,InvtPart,0.00,15360,Storage,BB5B98F7
9.9565,37-018013,InvtPart,0.00,0,Other,BB5B98F7
9.12617,35-112617,InvtPart,0.00,0,Storage,BB5B98F7
9.12426,40-112426,InvtPart,0.00,0,Storage,BB5B98F7
9.6457,40-015862,InvtPart,0.00,0,Storage,BB5B98F7
9.6175,35-013891,InvtPart,0.00,0,Storage,BB5B98F7
9.11428,42-011428,InvtPart,0.00,131000,Storage,BB5B98F7
9.5710,35-013428,InvtPart,0.00,0,Storage,BB5B98F7
9.9556,37-018014,InvtPart,0.00,0,Other,BB5B98F7
9.6453,35-013439,InvtPart,0.00,2760,Storage,BB5B98F7
9.11762,37-111762,InvtPart,0.00,0,Storage,BB5B98F7
9.1894,35-006949,InvtPart,0.00,1280,Storage,BB5B98F7
9.1380,Cash Discount,Discount,0.00,0,Other,AAB84CAD
9.14793,Promo_GoodWe,Discount,0.00,0,Other,AAB84CAD
9.15181,Promo_CABLES4mm²Noir,Discount,0.00,0,Other,AAB84CAD
9.16908,BF - onduleurs,Discount,0.00,0,Other,AAB84CAD
9.16251,Promo_Delta,Discount,0.00,0,Other,AAB84CAD
9.14758,36-114758,InvtPart,0.00,0,Charging Stations,AD5D8A11
9.14755,36-114755,InvtPart,0.00,0,Charging Stations,AD5D8A11
9.12463,34-112463,InvtPart,0.00,0,Racking,9C6EBFBA
9.862,38-008319,NonInvtPart,0.00,0,Other,305F380B
9.864,38-008316,NonInvtPart,0.00,0,Other,305F380B
9.752,38-008312,NonInvtPart,0.00,0,Other,305F380B
9.873,38-008343,NonInvtPart,0.00,0,Other,305F380B
9.855,38-008320,NonInvtPart,0.00,0,Other,305F380B
9.16926,BF_kit_enphase,Discount,0.00,0,Other,AAB84CAD
9.16950,BF_kit_JIN,Discount,0.00,0,Other,AAB84CAD
9.16921,BF_câbles500,Discount,0.00,0,Other,AAB84CAD
9.750,General Discount,Discount,0.00,0,Other,AAB84CAD
9.12958,34-112958,InvtPart,0.00,0,Racking,9C6EBFBA
9.12467,34-112467,InvtPart,0.00,0,Racking,9C6EBFBA
9.1470,38-015839,NonInvtPart,0.00,0,Other,305F380B
9.875,38-008344,NonInvtPart,0.00,0,Other,305F380B
9.4997,32-010857,InvtPart,70000.00,0,Inverters,305F380B
9.4458,32-008695,InvtPart,2500.00,0,Inverters,305F380B
9.857,38-008318,NonInvtPart,0.00,0,Other,305F380B
9.1346,38-015838,NonInvtPart,0.00,0,Other,305F380B
9.6201,32-015950,InvtPart,88000.00,0,Inverters,305F380B
9.1504,32-006352,InvtPart,4000.00,0,Inverters,305F380B
9.11276,32-111276,InvtPart,6000.00,0,Inverters,305F380B
9.6786,36-016038,InvtPart,0.00,0,Inverter Accessories,305F380B
9.11388,32-111388,InvtPart,20000.00,0,Inverters,305F380B
9.11802,36-111802,InvtPart,0.00,0,Inverter Accessories,305F380B
9.6618,36-016041,InvtPart,0.00,0,Inverter Accessories,305F380B
9.11801,36-111801,InvtPart,0.00,0,Inverter Accessories,305F380B
9.16702,41-116702,InvtPart,0.00,0,Charging Stations,30F4DE89
9.13043,36-113043,InvtPart,0.00,0,Inverter Accessories,3F931EF7
9.12186,35-112186,InvtPart,0.00,3500,Storage,3F931EF7
9.5472,36-011905,InvtPart,0.00,0,Inverter Accessories,3F931EF7
9.5667,36-012179,InvtPart,0.00,0,Inverter Accessories,3F931EF7
9.5454,36-011899,InvtPart,0.00,0,Inverter Accessories,3F931EF7
9.13042,36-113042,InvtPart,0.00,0,Inverter Accessories,3F931EF7
9.8793,37-011896,InvtPart,0.00,0,Inverter Accessories,3F931EF7
9.5065,36-011895,InvtPart,0.00,0,Inverter Accessories,3F931EF7
9.8787,37-011898,InvtPart,0.00,0,Inverter Accessories,3F931EF7
9.5492,36-012178,InvtPart,0.00,0,Inverter Accessories,3F931EF7
9.5505,36-011903,InvtPart,0.00,0,Inverter Accessories,3F931EF7
9.8792,37-011897,InvtPart,0.00,0,Inverter Accessories,3F931EF7
9.12743,32-112743,InvtPart,290.00,0,Inverters,3F931EF7
9.14678,32-114678,InvtPart,330.00,0,Inverters,3F931EF7
9.12532,35-112532,InvtPart,0.00,0,Storage,3F931EF7
9.5471,36-011906,InvtPart,0.00,0,Inverter Accessories,3F931EF7
9.6852,36-016206,InvtPart,0.00,0,Inverter Accessories,3F931EF7
9.12731,32-112731,InvtPart,349.00,0,Inverters,3F931EF7
9.9576,37-018158,InvtPart,0.00,0,Other,09AD558F
9.9570,37-018155,InvtPart,0.00,0,Other,09AD558F
9.12189,37-112189,InvtPart,0.00,0,Other,09AD558F
9.8802,37-012146,InvtPart,0.00,0,Other,09AD558F
9.8341,37-010818,InvtPart,0.00,0,Other,09AD558F
9.9052,37-013401,InvtPart,0.00,0,Other,09AD558F
9.8351,37-007545,InvtPart,0.00,0,Other,09AD558F
9.8327,37-010810,InvtPart,0.00,0,Other,09AD558F
9.8852,37-012495,InvtPart,0.00,0,Other,EDAD9466
9.9453,37-018100,InvtPart,0.00,0,Other,EDAD9466
9.9020,37-017208,InvtPart,0.00,0,Other,EDAD9466
9.8810,37-012500,InvtPart,0.00,0,Other,EDAD9466
9.858,38-008313,NonInvtPart,0.00,0,Other,305F380B
9.11400,32-111400,InvtPart,15000.00,0,Inverters,305F380B
9.1522,32-006350,InvtPart,88000.00,0,Inverters,305F380B
9.861,38-008317,NonInvtPart,0.00,0,Other,305F380B
9.6968,32-016973,InvtPart,3000.00,0,Inverters,305F380B
9.1507,32-006353,InvtPart,5000.00,0,Inverters,305F380B
9.11402,32-111402,InvtPart,50000.00,0,Inverters,305F380B
9.1523,32-006347,InvtPart,30000.00,0,Inverters,305F380B
9.1517,32-006351,InvtPart,3000.00,0,Inverters,305F380B
9.6209,36-006209,InvtPart,0.00,0,Inverter Accessories,305F380B
9.11401,32-111401,InvtPart,30000.00,0,Inverters,305F380B
9.12002,36-112002,InvtPart,0.00,0,Inverter Accessories,305F380B
9.1509,32-006344,InvtPart,10000.00,0,Inverters,305F380B
9.6779,36-016037,InvtPart,0.00,0,Inverter Accessories,305F380B
9.1957,36-007544,InvtPart,0.00,0,Inverter Accessories,305F380B
9.16701,41-116701,InvtPart,0.00,0,Charging Stations,30F4DE89
9.16700,41-116700,InvtPart,0.00,0,Charging Stations,30F4DE89
9.16699,41-116699,InvtPart,0.00,0,Charging Stations,30F4DE89
9.6794,32-016205,InvtPart,295.00,0,Inverters,3F931EF7
9.5073,36-011894,InvtPart,0.00,0,Inverter Accessories,3F931EF7
9.12530,35-112530,InvtPart,0.00,0,Storage,3F931EF7
9.5451,32-011882,InvtPart,295.00,0,Inverters,3F931EF7
9.5524,37-012687,InvtPart,0.00,0,Inverter Accessories,3F931EF7
9.5478,36-011900,InvtPart,0.00,0,Inverter Accessories,3F931EF7
9.14680,32-114680,InvtPart,380.00,0,Inverters,3F931EF7
9.14717,32-114717,InvtPart,300.00,0,Inverters,3F931EF7
9.5466,36-011901,InvtPart,0.00,0,Inverter Accessories,3F931EF7
9.13377,37-113377,InvtPart,0.00,0,Inverter Accessories,3F931EF7
9.12892,36-112892,InvtPart,0.00,0,Inverter Accessories,3F931EF7
9.5481,36-011893,InvtPart,0.00,0,Inverter Accessories,3F931EF7
9.5476,36-011904,InvtPart,0.00,0,Inverter Accessories,3F931EF7
9.14331,32-114331,InvtPart,330.00,0,Inverters,3F931EF7
9.5254,36-012176,InvtPart,0.00,0,Inverter Accessories,3F931EF7
9.14343,36-114343,InvtPart,0.00,0,Inverter Accessories,3F931EF7
9.14679,32-114679,InvtPart,360.00,0,Inverters,3F931EF7
9.5444,36-011902,InvtPart,0.00,0,Inverter Accessories,3F931EF7
9.7137,32-017753,InvtPart,366.00,0,Inverters,3F931EF7
9.4462,37-008637,InvtPart,0.00,0,Other,09AD558F
9.8344,37-010819,InvtPart,0.00,0,Other,09AD558F
9.8252,37-007547,InvtPart,0.00,0,Other,09AD558F
9.8339,37-010634,InvtPart,0.00,0,Other,09AD558F
9.8451,37-007546,InvtPart,0.00,0,Other,09AD558F
9.8980,37-015014,InvtPart,0.00,0,Other,F9E6E733
9.8836,37-012511,InvtPart,0.00,0,Other,EDAD9466
9.9363,37-017138,InvtPart,0.00,0,Other,EDAD9466
9.9409,37-017139,InvtPart,0.00,0,Other,EDAD9466
9.8987,37-016613,InvtPart,0.00,0,Other,EDAD9466
9.14457,37-114457,InvtPart,0.00,0,Other,EDAD9466
9.14775,37-114775,InvtPart,0.00,0,Other,EDAD9466
9.8822,37-012499,InvtPart,0.00,0,Other,EDAD9466
9.13394,37-113394,InvtPart,0.00,0,Other,EDAD9466
9.9569,37-018107,InvtPart,0.00,0,Other,EDAD9466
9.14773,37-114773,InvtPart,0.00,0,Other,EDAD9466
9.14774,37-114774,InvtPart,0.00,0,Other,EDAD9466
9.14231,37-114231,InvtPart,0.00,0,Other,EDAD9466
9.8815,37-012498,InvtPart,0.00,0,Other,EDAD9466
9.14458,37-114458,InvtPart,0.00,0,Other,EDAD9466
9.9555,37-017905,InvtPart,0.00,0,Other,EDAD9466
9.9357,37-016730,InvtPart,0.00,0,Other,EDAD9466
9.8873,37-012501,InvtPart,0.00,0,Other,EDAD9466
9.13358,37-113358,InvtPart,0.00,0,Other,EDAD9466
9.8828,37-012494,InvtPart,0.00,0,Other,EDAD9466
9.11843,37-111843,InvtPart,0.00,0,Other,EDAD9466
9.13360,37-113360,InvtPart,0.00,0,Other,EDAD9466
9.9564,37-018101,InvtPart,0.00,0,Other,EDAD9466
9.11971,37-111971,InvtPart,0.00,0,Other,EDAD9466
9.8823,37-012497,InvtPart,0.00,0,Other,EDAD9466
9.9007,37-017137,InvtPart,0.00,0,Other,EDAD9466
9.9583,37-018042,InvtPart,0.00,0,Other,EDAD9466
9.1555,32-006381,InvtPart,17500.00,0,Inverters,8561ECE0
9.7652,36-018051,InvtPart,0.00,0,Inverter Accessories,8561ECE0
9.4836,32-010604,InvtPart,6000.00,0,Inverters,8561ECE0
9.1867,32-006395,InvtPart,3500.00,0,Inverters,8561ECE0
9.1541,32-006387,InvtPart,15000.00,0,Inverters,8561ECE0
9.6253,36-014888,InvtPart,0.00,0,Inverter Accessories,8561ECE0
9.2118,36-007556,InvtPart,0.00,0,Inverter Accessories,8561ECE0
9.4793,32-010605,InvtPart,7000.00,0,Inverters,8561ECE0
9.4523,36-010259,InvtPart,0.00,0,Inverter Accessories,8561ECE0
9.2153,36-007761,InvtPart,0.00,0,Inverter Accessories,8561ECE0
9.11374,36-111374,InvtPart,0.00,0,Inverter Accessories,8561ECE0
9.1882,32-006388,InvtPart,17500.00,0,Inverters,8561ECE0
9.11459,32-111459,InvtPart,100000.00,0,Inverters,8561ECE0
9.11362,41-111362,InvtPart,0.00,0,Charging Stations,8561ECE0
9.1518,32-006366,InvtPart,3700.00,0,Inverters,8561ECE0
9.4967,36-010689,InvtPart,0.00,0,Inverter Accessories,8561ECE0
9.4536,36-010256,InvtPart,0.00,0,Inverter Accessories,8561ECE0
9.1521,32-006375,InvtPart,3000.00,0,Inverters,8561ECE0
9.14510,32-114510,InvtPart,17500.00,0,Inverters,8561ECE0
9.11366,41-111366,InvtPart,0.00,0,Charging Stations,8561ECE0
9.14511,32-114511,InvtPart,20000.00,0,Inverters,8561ECE0
9.1528,32-006398,InvtPart,5000.00,0,Inverters,8561ECE0
9.1934,36-007552,InvtPart,0.00,0,Inverter Accessories,8561ECE0
9.6997,32-016991,InvtPart,10000.00,0,Inverters,8561ECE0
9.14507,32-114507,InvtPart,10000.00,0,Inverters,8561ECE0
9.7065,36-017196,InvtPart,0.00,0,Inverter Accessories,8561ECE0
9.7076,36-017194,InvtPart,0.00,0,Inverter Accessories,8561ECE0
9.12217,36-112217,InvtPart,0.00,0,Inverter Accessories,8561ECE0
9.12373,32-112373,InvtPart,100000.00,0,Inverters,8561ECE0
9.13622,36-113622,InvtPart,0.00,0,Inverter Accessories,8561ECE0
9.13484,38-113484,NonInvtPart,0.00,0,Other,8561ECE0
9.12664,32-112664,InvtPart,50000.00,0,Inverters,8561ECE0
9.14432,32-114432,InvtPart,100000.00,0,Inverters,8561ECE0
9.14508,32-114508,InvtPart,12500.00,0,Inverters,8561ECE0
9.9055,37-016610,InvtPart,0.00,0,Other,EDAD9466
9.14232,37-114232,InvtPart,0.00,0,Other,EDAD9466
9.13368,37-113368,InvtPart,0.00,0,Other,EDAD9466
9.13359,37-113359,InvtPart,0.00,0,Other,EDAD9466
9.14201,37-114201,InvtPart,0.00,0,Other,EDAD9466
9.9751,37-018200,InvtPart,0.00,0,Other,EDAD9466
9.8968,37-014950,InvtPart,0.00,0,Other,EDAD9466
9.9566,37-018108,InvtPart,0.00,0,Other,EDAD9466
9.11871,37-111871,InvtPart,0.00,0,Other,EDAD9466
9.11958,37-111958,InvtPart,0.00,0,Other,EDAD9466
9.9400,37-017173,InvtPart,0.00,0,Other,EDAD9466
9.8931,37-016611,InvtPart,0.00,0,Other,EDAD9466
9.12634,37-112634,InvtPart,0.00,0,Other,EDAD9466
9.8808,37-012496,InvtPart,0.00,0,Other,EDAD9466
9.11842,37-111842,InvtPart,0.00,0,Other,EDAD9466
9.8975,37-016043,InvtPart,0.00,0,Other,EDAD9466
9.14772,37-114772,InvtPart,0.00,0,Other,EDAD9466
9.1513,32-006359,InvtPart,3600.00,0,Inverters,8561ECE0
9.1958,36-007550,InvtPart,0.00,0,Inverter Accessories,8561ECE0
9.7851,36-007553,InvtPart,0.00,0,Inverter Accessories,8561ECE0
9.1534,32-006380,InvtPart,15000.00,0,Inverters,8561ECE0
9.14648,41-114648,InvtPart,0.00,0,Charging Stations,8561ECE0
9.5372,32-011450,InvtPart,3000.00,0,Inverters,8561ECE0
9.1543,32-006397,InvtPart,4600.00,0,Inverters,8561ECE0
9.1854,32-006378,InvtPart,5000.00,0,Inverters,8561ECE0
9.7093,36-017195,InvtPart,0.00,0,Inverter Accessories,8561ECE0
9.13621,36-113621,InvtPart,0.00,0,Inverter Accessories,8561ECE0
9.11363,41-111363,InvtPart,0.00,0,Charging Stations,8561ECE0
9.11361,41-111361,InvtPart,0.00,0,Charging Stations,8561ECE0
9.4776,32-010418,InvtPart,25000.00,0,Inverters,8561ECE0
9.13619,36-113619,InvtPart,0.00,0,Inverter Accessories,8561ECE0
9.4781,32-010606,InvtPart,8200.00,0,Inverters,8561ECE0
9.1547,32-006379,InvtPart,10000.00,0,Inverters,8561ECE0
9.4535,36-010260,InvtPart,0.00,0,Inverter Accessories,8561ECE0
9.4525,36-010258,InvtPart,0.00,0,Inverter Accessories,8561ECE0
9.1535,32-006384,InvtPart,27000.00,0,Inverters,8561ECE0
9.1554,32-006392,InvtPart,27000.00,0,Inverters,8561ECE0
9.10862,32-110862,InvtPart,5000.00,0,Inverters,8561ECE0
9.1392,32-006370,InvtPart,7000.00,0,Inverters,8561ECE0
9.1532,32-006364,InvtPart,8200.00,0,Inverters,8561ECE0
9.1537,32-006372,InvtPart,10000.00,0,Inverters,8561ECE0
9.6218,32-016455,InvtPart,8000.00,0,Inverters,8561ECE0
9.5769,40-013020,InvtPart,0.00,0,Inverters,8561ECE0
9.6625,32-016456,InvtPart,10000.00,0,Inverters,8561ECE0
9.12374,36-112374,InvtPart,0.00,0,Inverter Accessories,8561ECE0
9.7325,32-017965,InvtPart,6000.00,0,Inverters,8561ECE0
9.14509,32-114509,InvtPart,15000.00,0,Inverters,8561ECE0
9.14762,41-114762,InvtPart,0.00,0,Charging Stations,8561ECE0
9.14285,37-114285,InvtPart,0.00,0,Inverter Accessories,8561ECE0
9.4801,32-010603,InvtPart,8200.00,0,Inverters,8561ECE0
9.11471,32-111471,InvtPart,50000.00,0,Inverters,8561ECE0
9.1539,32-006386,InvtPart,27000.00,0,Inverters,8561ECE0
9.13620,36-113620,InvtPart,0.00,0,Inverter Accessories,8561ECE0
9.7741,32-018136,InvtPart,4600.00,0,Inverters,8561ECE0
9.14096,37-114096,InvtPart,0.00,0,Inverter Accessories,8561ECE0
9.7709,32-018133,InvtPart,3000.00,0,Inverters,8561ECE0
9.13680,37-113680,InvtPart,0.00,0,Inverter Accessories,8561ECE0
9.1508,32-006360,InvtPart,4000.00,0,Inverters,8561ECE0
9.1538,32-006385,InvtPart,25000.00,0,Inverters,8561ECE0
9.1860,32-006373,InvtPart,12500.00,0,Inverters,8561ECE0
9.888,38-008362,NonInvtPart,0.00,0,Other,8561ECE0
9.7708,32-018135,InvtPart,4000.00,0,Inverters,8561ECE0
9.7705,32-018134,InvtPart,3680.00,0,Inverters,8561ECE0
9.6217,32-016454,InvtPart,6000.00,0,Inverters,8561ECE0
9.11364,41-111364,InvtPart,0.00,0,Charging Stations,8561ECE0
9.1391,32-006376,InvtPart,3700.00,0,Inverters,8561ECE0
9.11375,32-111375,InvtPart,100000.00,0,Inverters,8561ECE0
9.4507,32-009392,InvtPart,3000.00,0,Inverters,8561ECE0
9.1394,32-006399,InvtPart,6000.00,0,Inverters,8561ECE0
9.1527,32-006365,InvtPart,3000.00,0,Inverters,8561ECE0
9.1151,38-008389,NonInvtPart,0.00,0,Other,8561ECE0
9.1550,32-006358,InvtPart,3000.00,0,Inverters,8561ECE0
9.1525,32-006362,InvtPart,5000.00,0,Inverters,8561ECE0
9.1393,32-006389,InvtPart,20000.00,0,Inverters,8561ECE0
9.892,38-008364,NonInvtPart,0.00,0,Other,8561ECE0
9.1881,32-006396,InvtPart,4000.00,0,Inverters,8561ECE0
9.11465,36-111465,InvtPart,0.00,0,Inverter Accessories,8561ECE0
9.872,38-008350,NonInvtPart,0.00,0,Other,8561ECE0
9.1526,32-006369,InvtPart,6000.00,0,Inverters,8561ECE0
9.757,38-008348,NonInvtPart,0.00,0,Other,8561ECE0
9.759,38-008365,NonInvtPart,0.00,0,Other,8561ECE0
9.2078,36-007557,InvtPart,0.00,0,Inverter Accessories,8561ECE0
9.4764,36-010257,InvtPart,0.00,0,Inverter Accessories,8561ECE0
9.16822,32-116822,InvtPart,15000.00,0,Inverters,5E0AA74F
9.12481,38-112481,NonInvtPart,0.00,0,Other,5E0AA74F
9.11790,38-111790,NonInvtPart,0.00,0,Other,5E0AA74F
9.14756,38-114756,NonInvtPart,0.00,0,Other,5E0AA74F
9.13713,36-113713,InvtPart,0.00,0,Inverter Accessories,5E0AA74F
9.12518,36-112518,InvtPart,0.00,0,Inverter Accessories,5E0AA74F
9.11230,37-111230,InvtPart,0.00,0,Other,5E0AA74F
9.11231,37-111231,InvtPart,0.00,0,Other,5E0AA74F
9.7305,36-017944,InvtPart,0.00,0,Storage,5E0AA74F
9.12516,32-112516,InvtPart,17000.00,0,Inverters,5E0AA74F
9.13668,32-113668,InvtPart,100000.00,0,Inverters,5E0AA74F
9.11225,37-111225,InvtPart,0.00,0,Other,5E0AA74F
9.14725,32-114725,InvtPart,100000.00,0,Inverters,5E0AA74F
9.5732,36-012775,InvtPart,0.00,0,Inverter Accessories,5E0AA74F
9.13592,32-113592,InvtPart,100000.00,0,Inverters,5E0AA74F
9.5545,36-012402,InvtPart,0.00,0,Inverter Accessories,5E0AA74F
9.16825,32-116825,InvtPart,25000.00,0,Inverters,5E0AA74F
9.11461,36-111461,InvtPart,0.00,0,Inverter Accessories,5E0AA74F
9.7331,32-017928,InvtPart,30000.00,0,Inverters,5E0AA74F
9.6451,32-014908,InvtPart,6000.00,0,Inverters,5E0AA74F
9.764,38-008370,NonInvtPart,0.00,0,Other,8561ECE0
9.12154,36-112154,InvtPart,0.00,0,Inverter Accessories,8561ECE0
9.10861,32-110861,InvtPart,4000.00,0,Inverters,8561ECE0
9.4969,32-010602,InvtPart,3600.00,0,Inverters,8561ECE0
9.7675,32-017966,InvtPart,5000.00,0,Inverters,8561ECE0
9.11466,41-111466,InvtPart,0.00,0,Charging Stations,8561ECE0
9.899,38-008363,NonInvtPart,0.00,0,Other,8561ECE0
9.1519,32-006371,InvtPart,8200.00,0,Inverters,8561ECE0
9.4534,32-010413,InvtPart,12500.00,0,Inverters,8561ECE0
9.1524,32-006367,InvtPart,4500.00,0,Inverters,8561ECE0
9.4372,36-009274,InvtPart,0.00,0,Inverter Accessories,8561ECE0
9.1395,32-006363,InvtPart,6000.00,0,Inverters,8561ECE0
9.1652,32-006368,InvtPart,5000.00,0,Inverters,8561ECE0
9.1928,36-007551,InvtPart,0.00,0,Inverter Accessories,8561ECE0
9.4364,32-009276,InvtPart,5000.00,0,Inverters,8561ECE0
9.1530,32-006383,InvtPart,25000.00,0,Inverters,8561ECE0
9.1531,32-006382,InvtPart,20000.00,0,Inverters,8561ECE0
9.10860,32-110860,InvtPart,3000.00,0,Inverters,8561ECE0
9.879,38-008353,NonInvtPart,0.00,0,Other,8561ECE0
9.1515,32-006361,InvtPart,4600.00,0,Inverters,8561ECE0
9.1544,32-006377,InvtPart,4500.00,0,Inverters,8561ECE0
9.884,38-008349,NonInvtPart,0.00,0,Other,8561ECE0
9.11831,37-111831,InvtPart,0.00,0,Other,5E0AA74F
9.5857,36-012777,InvtPart,0.00,0,Inverter Accessories,5E0AA74F
9.12517,32-112517,InvtPart,20000.00,0,Inverters,5E0AA74F
9.14504,38-114504,NonInvtPart,0.00,0,Other,5E0AA74F
9.13667,32-113667,InvtPart,30000.00,0,Inverters,5E0AA74F
9.13364,32-113364,InvtPart,3000.00,0,Inverters,5E0AA74F
9.13365,32-113365,InvtPart,3680.00,0,Inverters,5E0AA74F
9.14373,32-114373,InvtPart,15000.00,0,Inverters,5E0AA74F
9.13777,37-113777,InvtPart,0.00,0,Other,5E0AA74F
9.12514,32-112514,InvtPart,12000.00,0,Inverters,5E0AA74F
9.5918,36-014940,InvtPart,0.00,0,Inverter Accessories,5E0AA74F
9.14674,36-114674,InvtPart,0.00,0,Inverter Accessories,5E0AA74F
9.7297,35-017884,InvtPart,0.00,0,Storage,5E0AA74F
9.4847,36-010682,InvtPart,0.00,0,Inverter Accessories,5E0AA74F
9.7335,32-017935,InvtPart,6000.00,0,Inverters,5E0AA74F
9.5969,32-014915,InvtPart,2000.00,0,Inverters,5E0AA74F
9.15027,41-115027,InvtPart,0.00,0,Storage,5E0AA74F
9.6627,32-014907,InvtPart,5000.00,0,Inverters,5E0AA74F
9.7304,32-017930,InvtPart,40000.00,0,Inverters,5E0AA74F
9.12504,32-112504,InvtPart,3000.00,0,Inverters,5E0AA74F
9.13665,32-113665,InvtPart,40000.00,0,Inverters,5E0AA74F
9.15250,38-115250,NonInvtPart,0.00,0,Other,5E0AA74F
9.14705,37-114705,InvtPart,0.00,0,Other,5E0AA74F
9.11795,32-111795,InvtPart,215000.00,0,Inverters,5E0AA74F
9.13832,36-113832,InvtPart,0.00,0,Inverter Accessories,5E0AA74F
9.12515,32-112515,InvtPart,15000.00,0,Inverters,5E0AA74F
9.5917,32-014918,InvtPart,3680.00,0,Inverters,5E0AA74F
9.12227,39-012227,InvtPart,0.00,0,Racking,6E0E49DE
9.9399,39-017158,InvtPart,0.00,0,Shelter,6E0E49DE
9.8826,39-012565,InvtPart,0.00,0,Shelter,6E0E49DE
9.6162,32-014896,InvtPart,3000.00,0,Inverters,5E0AA74F
9.5364,32-011484,InvtPart,20000.00,0,Inverters,5E0AA74F
9.6167,32-014912,InvtPart,15000.00,0,Inverters,5E0AA74F
9.12513,32-112513,InvtPart,10000.00,0,Inverters,5E0AA74F
9.11223,37-111223,InvtPart,0.00,0,Other,5E0AA74F
9.11229,37-111229,InvtPart,0.00,0,Other,5E0AA74F
9.12509,32-112509,InvtPart,4000.00,0,Inverters,5E0AA74F
9.11521,37-111521,InvtPart,0.00,0,Other,5E0AA74F
9.14375,32-114375,InvtPart,20000.00,0,Inverters,5E0AA74F
9.12822,36-112822,InvtPart,0.00,0,Inverter Accessories,5E0AA74F
9.14384,36-114384,InvtPart,0.00,0,Inverter Accessories,5E0AA74F
9.6556,32-014911,InvtPart,12000.00,0,Inverters,5E0AA74F
9.11460,36-111460,InvtPart,0.00,0,Inverter Accessories,5E0AA74F
9.16824,32-116824,InvtPart,20000.00,0,Inverters,5E0AA74F
9.12510,32-112510,InvtPart,5000.00,0,Inverters,5E0AA74F
9.16820,32-116820,InvtPart,12000.00,0,Inverters,5E0AA74F
9.8807,39-012412,InvtPart,0.00,0,Shelter,6E0E49DE
9.14684,39-114684,InvtPart,0.00,0,Shelter,6E0E49DE
9.14685,39-114685,InvtPart,0.00,0,Shelter,6E0E49DE
9.17053,39-117053,InvtPart,0.00,0,Shelter,6E0E49DE
9.12204,39-012204,InvtPart,0.00,0,Racking,6E0E49DE
9.12223,39-012223,InvtPart,0.00,0,Racking,6E0E49DE
9.9558,39-018066,InvtPart,0.00,0,Shelter,6E0E49DE
9.12205,39-012205,InvtPart,0.00,0,Racking,6E0E49DE
9.12219,39-012219,InvtPart,0.00,0,Racking,6E0E49DE
9.8876,39-012567,InvtPart,0.00,0,Shelter,6E0E49DE
9.14356,37-114356,InvtPart,0.00,0,Other,C2F60AA2
9.14558,38-114558,NonInvtPart,0.00,0,Other,A9638684
9.12925,32-112925,InvtPart,3000.00,0,Inverters,A9638684
9.13017,36-113017,InvtPart,0.00,0,Inverter Accessories,A9638684
9.12929,32-112929,InvtPart,5000.00,0,Inverters,A9638684
9.14444,32-114444,InvtPart,6000.00,0,Inverters,A9638684
9.14553,38-114553,NonInvtPart,0.00,0,Other,A9638684
9.14559,38-114559,NonInvtPart,0.00,0,Other,A9638684
9.14499,32-114499,InvtPart,66000.00,0,Inverters,A9638684
9.14438,32-114438,InvtPart,2000.00,0,Inverters,A9638684
9.13396,32-113396,InvtPart,36000.00,0,Inverters,A9638684
9.14360,32-114360,InvtPart,3000.00,0,Inverters,A9638684
9.13971,38-113971,NonInvtPart,0.00,0,Other,A9638684
9.14219,32-114219,InvtPart,80000.00,0,Inverters,A9638684
9.12962,32-112962,InvtPart,100000.00,0,Inverters,A9638684
9.12206,39-012206,InvtPart,0.00,0,Racking,6E0E49DE
9.14632,39-114632,InvtPart,0.00,0,Shelter,6E0E49DE
9.16920,39-116920,InvtPart,0.00,0,Shelter,6E0E49DE
9.17003,39-117003,InvtPart,0.00,0,Shelter,6E0E49DE
9.14204,39-114204,InvtPart,0.00,0,Racking,6E0E49DE
9.12211,39-012211,InvtPart,0.00,0,Racking,6E0E49DE
9.12224,39-012224,InvtPart,0.00,0,Racking,6E0E49DE
9.12226,39-012226,InvtPart,0.00,0,Racking,6E0E49DE
9.14358,31-114358,InvtPart,415.00,0,Modules,085D39D5
9.11501,31-111501,InvtPart,395.00,0,Modules,085D39D5
9.12150,31-112150,InvtPart,410.00,0,Modules,085D39D5
9.12848,31-112848,InvtPart,405.00,0,Modules,085D39D5
9.12225,39-012225,InvtPart,0.00,0,Racking,6E0E49DE
9.8819,39-012566,InvtPart,0.00,0,Shelter,6E0E49DE
9.8831,39-012489,InvtPart,0.00,0,Shelter,6E0E49DE
9.8851,39-012568,InvtPart,0.00,0,Shelter,6E0E49DE
9.8485,39-012490,InvtPart,0.00,0,Shelter,6E0E49DE
9.9559,39-017960,InvtPart,0.00,0,Shelter,6E0E49DE
9.14355,37-114355,InvtPart,0.00,0,Other,C2F60AA2
9.14357,37-114357,InvtPart,0.00,0,Other,C2F60AA2
9.12985,32-112985,InvtPart,15000.00,0,Inverters,A9638684
9.12976,32-112976,InvtPart,4000.00,0,Inverters,A9638684
9.13785,32-113785,InvtPart,50000.00,0,Inverters,A9638684
9.13395,32-113395,InvtPart,30000.00,0,Inverters,A9638684
9.12964,32-112964,InvtPart,120000.00,0,Inverters,A9638684
9.14551,38-114551,NonInvtPart,0.00,0,Other,A9638684
9.14557,38-114557,NonInvtPart,0.00,0,Other,A9638684
9.13968,38-113968,NonInvtPart,0.00,0,Other,A9638684
9.13374,36-113374,InvtPart,0.00,0,Inverter Accessories,A9638684
9.13828,36-113828,InvtPart,0.00,0,Inverter Accessories,A9638684
9.12982,32-112982,InvtPart,12000.00,0,Inverters,A9638684
9.13386,36-113386,InvtPart,0.00,0,Inverter Accessories,A9638684
9.13943,38-113943,NonInvtPart,0.00,0,Other,A9638684
9.13967,38-113967,NonInvtPart,0.00,0,Other,A9638684
9.14093,32-114093,InvtPart,250000.00,0,Inverters,A9638684
9.13372,36-113372,InvtPart,0.00,0,Inverter Accessories,A9638684
9.14203,39-114203,InvtPart,0.00,0,Racking,6E0E49DE
9.12207,39-012207,InvtPart,0.00,0,Racking,6E0E49DE
9.12221,39-012221,InvtPart,0.00,0,Racking,6E0E49DE
9.12220,39-012220,InvtPart,0.00,0,Racking,6E0E49DE
9.12203,39-012203,InvtPart,0.00,0,Racking,6E0E49DE
9.7128,31-017712,InvtPart,400.00,0,Modules,085D39D5
9.12200,31-112200,InvtPart,395.00,0,Modules,085D39D5
9.6567,31-015942,InvtPart,330.00,0,Modules,085D39D5
9.1904,34-007485,InvtPart,0.00,0,Racking,C71E1323
9.1919,34-007451,InvtPart,0.00,0,Racking,C71E1323
9.13001,34-113001,InvtPart,0.00,0,Racking,C71E1323
9.13002,34-113002,InvtPart,0.00,0,Racking,C71E1323
9.13003,34-113003,InvtPart,0.00,0,Racking,C71E1323
9.11940,34-111940,InvtPart,0.00,0,Racking,C71E1323
9.13000,34-113000,InvtPart,0.00,0,Racking,C71E1323
9.13005,34-113005,InvtPart,0.00,0,Racking,C71E1323
9.11935,34-111935,InvtPart,0.00,0,Racking,C71E1323
9.5662,34-012137,InvtPart,0.00,0,Racking,C71E1323
9.11748,34-011748,InvtPart,0.00,0,Racking,C71E1323
9.5475,34-012138,InvtPart,0.00,0,Racking,C71E1323
9.13009,34-113009,InvtPart,0.00,0,Racking,C71E1323
9.11937,34-111937,InvtPart,0.00,0,Racking,C71E1323
9.12144,34-112144,InvtPart,0.00,0,Racking,C71E1323
9.11939,34-111939,InvtPart,0.00,0,Racking,C71E1323
9.1929,34-007462,InvtPart,0.00,0,Racking,C71E1323
9.1876,34-007448,InvtPart,0.00,0,Racking,C71E1323
9.1886,34-007454,InvtPart,0.00,0,Racking,C71E1323
9.11928,34-111928,InvtPart,0.00,0,Racking,C71E1323
9.11934,34-111934,InvtPart,0.00,0,Racking,C71E1323
9.13472,31-113472,InvtPart,415.00,0,Modules,085D39D5
9.13578,31-113578,InvtPart,430.00,0,Modules,085D39D5
9.13369,36-113369,InvtPart,0.00,0,Inverter Accessories,A9638684
9.12980,32-112980,InvtPart,8000.00,0,Inverters,A9638684
9.12979,32-112979,InvtPart,6000.00,0,Inverters,A9638684
9.2087,34-007476,InvtPart,0.00,0,Racking,C71E1323
9.12784,34-112784,InvtPart,0.00,0,Racking,C71E1323
9.13010,34-113010,InvtPart,0.00,0,Racking,C71E1323
9.13011,34-113011,InvtPart,0.00,0,Racking,C71E1323
9.11936,34-111936,InvtPart,0.00,0,Racking,C71E1323
9.13008,34-113008,InvtPart,0.00,0,Racking,C71E1323
9.11929,34-111929,InvtPart,0.00,0,Racking,C71E1323
9.11749,34-011749,InvtPart,0.00,0,Racking,C71E1323
9.11960,34-111960,InvtPart,0.00,0,Racking,C71E1323
9.11938,34-111938,InvtPart,0.00,0,Racking,C71E1323
9.1937,34-007452,InvtPart,0.00,0,Racking,C71E1323
9.1916,34-007453,InvtPart,0.00,0,Racking,C71E1323
9.11933,34-111933,InvtPart,0.00,0,Racking,C71E1323
9.11931,34-111931,InvtPart,0.00,0,Racking,C71E1323
9.12782,34-112782,InvtPart,0.00,0,Racking,C71E1323
9.12783,34-112783,InvtPart,0.00,0,Racking,C71E1323
9.12786,34-112786,InvtPart,0.00,0,Racking,C71E1323
9.11930,34-111930,InvtPart,0.00,0,Racking,C71E1323
9.8895,37-014114,InvtPart,0.00,0,Other,D2F36029
9.9435,37-017729,InvtPart,0.00,0,Other,D2F36029
9.9577,37-018166,InvtPart,0.00,0,Other,D2F36029
9.11824,37-111824,InvtPart,0.00,0,Other,D2F36029
9.12349,37-112349,InvtPart,0.00,0,Other,D2F36029
9.8920,37-016022,InvtPart,0.00,0,Other,D2F36029
9.10881,37-110881,InvtPart,0.00,0,Other,D2F36029
9.8870,37-012693,InvtPart,0.00,0,Other,D2F36029
9.8965,37-013336,InvtPart,0.00,0,Other,D2F36029
9.12726,37-012726,InvtPart,0.00,0,Other,D2F36029
9.8945,37-015964,InvtPart,0.00,0,Other,D2F36029
9.8466,37-007667,InvtPart,0.00,0,Other,D2F36029
9.10882,37-110882,InvtPart,0.00,0,Other,D2F36029
9.12727,37-012727,InvtPart,0.00,0,Other,D2F36029
9.8277,37-007671,InvtPart,0.00,0,Other,D2F36029
9.1329,38-012542,NonInvtPart,0.00,0,Other,5E0AA74F
9.1467,38-016013,NonInvtPart,0.00,0,Other,5E0AA74F
9.1153,38-012533,NonInvtPart,0.00,0,Other,5E0AA74F
9.1462,38-015985,NonInvtPart,0.00,0,Other,5E0AA74F
9.15091,38-115091,NonInvtPart,0.00,0,Other,5E0AA74F
9.1347,38-015991,NonInvtPart,0.00,0,Other,5E0AA74F
9.1459,38-015984,NonInvtPart,0.00,0,Other,5E0AA74F
9.1353,38-012532,NonInvtPart,0.00,0,Other,5E0AA74F
9.11215,40-111215,InvtPart,0.00,0,Inverters,5E0AA74F
9.14835,37-114835,InvtPart,0.00,0,Other,5E0AA74F
9.1314,38-012780,NonInvtPart,0.00,0,Other,5E0AA74F
9.11771,38-111771,NonInvtPart,0.00,0,Other,5E0AA74F
9.11217,40-111217,InvtPart,0.00,0,Inverters,5E0AA74F
9.11791,38-111791,NonInvtPart,0.00,0,Other,5E0AA74F
9.1357,38-015967,NonInvtPart,0.00,0,Other,5E0AA74F
9.1361,38-015986,NonInvtPart,0.00,0,Other,5E0AA74F
9.960,38-015983,NonInvtPart,0.00,0,Other,5E0AA74F
9.6771,34-015841,InvtPart,0.00,0,Racking,C71E1323
9.11932,34-111932,InvtPart,0.00,0,Racking,C71E1323
9.12785,34-112785,InvtPart,0.00,0,Racking,C71E1323
9.12788,34-112788,InvtPart,0.00,0,Racking,C71E1323
9.11941,34-111941,InvtPart,0.00,0,Racking,C71E1323
9.5655,34-012136,InvtPart,0.00,0,Racking,C71E1323
9.9158,37-015995,InvtPart,0.00,0,Other,D2F36029
9.8848,37-013335,InvtPart,0.00,0,Other,D2F36029
9.11823,37-111823,InvtPart,0.00,0,Other,D2F36029
9.8281,37-007663,InvtPart,0.00,0,Other,D2F36029
9.12966,37-112966,InvtPart,0.00,0,Other,D2F36029
9.10880,37-110880,InvtPart,0.00,0,Other,D2F36029
9.8463,37-007666,InvtPart,0.00,0,Other,D2F36029
9.8833,37-012455,InvtPart,0.00,0,Other,D2F36029
9.8472,37-007669,InvtPart,0.00,0,Other,D2F36029
9.8310,37-009336,InvtPart,0.00,0,Other,D2F36029
9.14207,37-114207,InvtPart,0.00,0,Other,D2F36029
9.8929,37-016023,InvtPart,0.00,0,Other,D2F36029
9.9752,37-018190,InvtPart,0.00,0,Other,D2F36029
9.15277,37-115277,InvtPart,0.00,0,Other,D2F36029
9.8314,37-010345,InvtPart,0.00,0,Other,D2F36029
9.9580,37-018192,InvtPart,0.00,0,Other,D2F36029
9.8469,37-007668,InvtPart,0.00,0,Other,D2F36029
9.8926,37-015963,InvtPart,0.00,0,Other,D2F36029
9.12728,37-012728,InvtPart,0.00,0,Other,D2F36029
9.11228,37-111228,InvtPart,0.00,0,Other,5E0AA74F
9.1331,38-012779,NonInvtPart,0.00,0,Other,5E0AA74F
9.1333,38-015989,NonInvtPart,0.00,0,Other,5E0AA74F
9.15092,38-115092,NonInvtPart,0.00,0,Other,5E0AA74F
9.16823,32-116823,InvtPart,17000.00,0,Inverters,5E0AA74F
9.1453,38-016010,NonInvtPart,0.00,0,Other,5E0AA74F
9.1851,32-006400,InvtPart,60000.00,0,Inverters,5E0AA74F
9.1325,38-012778,NonInvtPart,0.00,0,Other,5E0AA74F
9.1478,38-016014,NonInvtPart,0.00,0,Other,5E0AA74F
9.1360,38-015992,NonInvtPart,0.00,0,Other,5E0AA74F
9.10858,37-110858,InvtPart,0.00,0,Inverter Accessories,5E0AA74F
9.1362,38-016012,NonInvtPart,0.00,0,Other,5E0AA74F
9.1313,38-010658,NonInvtPart,0.00,0,Other,5E0AA74F
9.11264,38-111264,NonInvtPart,0.00,0,Other,5E0AA74F
9.1549,32-006406,InvtPart,36000.00,0,Inverters,5E0AA74F
9.1301,38-010663,NonInvtPart,0.00,0,Other,5E0AA74F
9.11270,38-111270,NonInvtPart,0.00,0,Other,5E0AA74F
9.5367,32-011482,InvtPart,15000.00,0,Inverters,5E0AA74F
9.1456,38-016015,NonInvtPart,0.00,0,Other,5E0AA74F
9.1308,38-010662,NonInvtPart,0.00,0,Other,5E0AA74F
9.5691,36-012571,InvtPart,0.00,0,Inverter Accessories,5E0AA74F
9.11832,37-111832,InvtPart,0.00,0,Other,5E0AA74F
9.1368,38-015981,NonInvtPart,0.00,0,Other,5E0AA74F
9.15065,37-115065,InvtPart,0.00,0,Other,5E0AA74F
9.5539,32-012561,InvtPart,100000.00,0,Inverters,5E0AA74F
9.11224,37-111224,InvtPart,0.00,0,Other,5E0AA74F
9.14502,38-114502,NonInvtPart,0.00,0,Other,5E0AA74F
9.17155,37-117155,InvtPart,0.00,0,Other,5E0AA74F
9.13593,32-113593,InvtPart,115000.00,0,Inverters,5E0AA74F
9.5404,32-011680,InvtPart,185000.00,0,Inverters,5E0AA74F
9.14726,32-114726,InvtPart,115000.00,0,Inverters,5E0AA74F
9.7286,35-017885,InvtPart,0.00,5000,Storage,5E0AA74F
9.12511,32-112511,InvtPart,6000.00,0,Inverters,5E0AA74F
9.5383,32-011483,InvtPart,17000.00,0,Inverters,5E0AA74F
9.5431,32-011798,InvtPart,5000.00,0,Inverters,5E0AA74F
9.6203,32-014914,InvtPart,20000.00,0,Inverters,5E0AA74F
9.1330,38-015971,NonInvtPart,0.00,0,Other,5E0AA74F
9.1340,38-015993,NonInvtPart,0.00,0,Other,5E0AA74F
9.889,38-008404,NonInvtPart,0.00,0,Other,5E0AA74F
9.1356,38-015969,NonInvtPart,0.00,0,Other,5E0AA74F
9.1318,38-012538,NonInvtPart,0.00,0,Other,5E0AA74F
9.1317,38-010295,NonInvtPart,0.00,0,Other,5E0AA74F
9.13666,32-113666,InvtPart,36000.00,0,Inverters,5E0AA74F
9.13366,32-113366,InvtPart,4000.00,0,Inverters,5E0AA74F
9.14376,32-114376,InvtPart,25000.00,0,Inverters,5E0AA74F
9.11237,37-111237,InvtPart,0.00,0,Other,5E0AA74F
9.11520,37-111520,InvtPart,0.00,0,Other,5E0AA74F
9.14079,38-114079,NonInvtPart,0.00,0,Other,5E0AA74F
9.13363,32-113363,InvtPart,2000.00,0,Inverters,5E0AA74F
9.14709,36-114709,InvtPart,0.00,0,Inverter Accessories,5E0AA74F
9.14549,38-114549,NonInvtPart,0.00,0,Other,5E0AA74F
9.14078,38-114078,NonInvtPart,0.00,0,Other,5E0AA74F
9.6191,32-014919,InvtPart,4000.00,0,Inverters,5E0AA74F
9.14080,38-114080,NonInvtPart,0.00,0,Other,5E0AA74F
9.14372,32-114372,InvtPart,12000.00,0,Inverters,5E0AA74F
9.14374,32-114374,InvtPart,17000.00,0,Inverters,5E0AA74F
9.11232,37-111232,InvtPart,0.00,0,Other,5E0AA74F
9.5943,32-014917,InvtPart,3000.00,0,Inverters,5E0AA74F
9.11220,37-111220,InvtPart,0.00,0,Other,5E0AA74F
9.13545,32-113545,InvtPart,50000.00,0,Inverters,5E0AA74F
9.14582,42-114582,InvtPart,0.00,73000,Storage,78E06308
9.14681,36-114681,InvtPart,0.00,73000,Inverter Accessories,78E06308
9.12684,31-112684,InvtPart,395.00,0,Modules,D4942B98
9.6799,31-016739,InvtPart,340.00,0,Modules,D4942B98
9.5686,31-012774,InvtPart,345.00,0,Modules,D4942B98
9.16704,31-116704,InvtPart,410.00,0,Modules,D4942B98
9.12616,31-112616,InvtPart,410.00,0,Modules,D4942B98
9.13354,31-113354,InvtPart,405.00,0,Modules,D4942B98
9.12870,31-112870,InvtPart,385.00,0,Modules,D4942B98
9.10869,31-110869,InvtPart,385.00,0,Modules,D4942B98
9.11909,31-111909,InvtPart,400.00,0,Modules,D4942B98
9.10868,31-110868,InvtPart,380.00,0,Modules,D4942B98
9.11437,31-111437,InvtPart,375.00,0,Modules,D4942B98
9.12508,31-112508,InvtPart,380.00,0,Modules,D4942B98
9.11922,31-111922,InvtPart,370.00,0,Modules,D4942B98
9.11924,31-111924,InvtPart,375.00,0,Modules,D4942B98
9.9407,36-017187,InvtPart,0.00,0,Other,E70A01BB
9.14074,31-114074,InvtPart,410.00,0,Modules,E70A01BB
9.14539,31-114539,InvtPart,405.00,0,Modules,E70A01BB
9.15207,31-115207,InvtPart,305.00,0,Modules,E70A01BB
9.9421,36-017188,InvtPart,0.00,0,Other,E70A01BB
9.11345,31-111345,InvtPart,365.00,0,Modules,E70A01BB
9.11519,36-111519,InvtPart,0.00,0,Inverter Accessories,F35B5A73
9.8452,39-007560,InvtPart,0.00,0,Inverter Accessories,F35B5A73
9.11834,37-111834,InvtPart,0.00,0,Other,5E0AA74F
9.6184,32-014920,InvtPart,4600.00,0,Inverters,5E0AA74F
9.11236,37-111236,InvtPart,0.00,0,Other,5E0AA74F
9.12402,31-112402,InvtPart,400.00,0,Modules,085D39D5
9.11923,31-111923,InvtPart,375.00,0,Modules,085D39D5
9.14426,31-114426,InvtPart,410.00,0,Modules,D4942B98
9.12926,31-112926,InvtPart,410.00,0,Modules,D4942B98
9.11346,31-111346,InvtPart,370.00,0,Modules,D4942B98
9.14490,31-114490,InvtPart,405.00,0,Modules,D4942B98
9.12737,31-112737,InvtPart,390.00,0,Modules,D4942B98
9.10831,31-110831,InvtPart,450.00,0,Modules,D4942B98
9.11964,31-111964,InvtPart,390.00,0,Modules,D4942B98
9.12734,31-112734,InvtPart,410.00,0,Modules,D4942B98
9.11925,31-111925,InvtPart,375.00,0,Modules,D4942B98
9.11496,31-111496,InvtPart,405.00,0,Modules,D4942B98
9.10897,31-110897,InvtPart,380.00,0,Modules,D4942B98
9.11910,31-111910,InvtPart,405.00,0,Modules,D4942B98
9.11434,31-111434,InvtPart,460.00,0,Modules,D4942B98
9.11495,31-111495,InvtPart,400.00,0,Modules,D4942B98
9.11433,31-111433,InvtPart,455.00,0,Modules,D4942B98
9.16368,31-116368,InvtPart,440.00,0,Modules,D4942B98
9.14323,31-114323,InvtPart,405.00,0,Modules,D4942B98
9.10870,31-110870,InvtPart,365.00,0,Modules,D4942B98
9.5380,31-011477,InvtPart,320.00,0,Modules,D4942B98
9.5863,31-012773,InvtPart,340.00,0,Modules,D4942B98
9.11850,31-111850,InvtPart,380.00,0,Modules,D4942B98
9.10898,31-110898,InvtPart,385.00,0,Modules,D4942B98
9.7336,31-017939,InvtPart,375.00,0,Modules,D4942B98
9.11350,31-111350,InvtPart,380.00,0,Modules,D4942B98
9.11391,31-111391,InvtPart,375.00,0,Modules,D4942B98
9.7663,31-017982,InvtPart,340.00,0,Modules,D4942B98
9.6986,31-017115,InvtPart,380.00,0,Modules,D4942B98
9.7720,31-018185,InvtPart,345.00,0,Modules,D4942B98
9.12606,31-112606,InvtPart,365.00,0,Modules,E70A01BB
9.16404,31-116404,InvtPart,425.00,0,Modules,E70A01BB
9.12183,31-112183,InvtPart,370.00,0,Modules,E70A01BB
9.13443,31-113443,InvtPart,380.00,0,Modules,E70A01BB
9.7018,31-016755,InvtPart,375.00,0,Modules,E70A01BB
9.11522,31-111522,InvtPart,450.00,0,Modules,E70A01BB
9.16870,34-116870,InvtPart,0.00,0,Racking,5FF7897B
9.17054,31-117054,InvtPart,375.00,0,Modules,1FAC9D9D
9.12496,31-112496,InvtPart,380.00,0,Modules,1FAC9D9D
9.16764,31-116764,InvtPart,375.00,0,Modules,1FAC9D9D
9.14623,31-114623,InvtPart,375.00,0,Modules,1FAC9D9D
9.16807,31-116807,InvtPart,390.00,0,Modules,1FAC9D9D
9.2054,34-007517,InvtPart,0.00,0,Racking,D1CABACB
9.1953,34-007529,InvtPart,0.00,0,Racking,D1CABACB
9.1906,34-007526,InvtPart,0.00,0,Racking,D1CABACB
9.11955,37-111955,InvtPart,0.00,0,Other,28B06F2B
9.11535,37-111535,InvtPart,0.00,0,Other,28B06F2B
9.11739,37-111739,InvtPart,0.00,0,Other,28B06F2B
9.11251,37-111251,InvtPart,0.00,0,Other,28B06F2B
9.11250,37-111250,InvtPart,0.00,0,Other,28B06F2B
9.11956,37-111956,InvtPart,0.00,0,Other,28B06F2B
9.11240,37-111240,InvtPart,0.00,0,Other,28B06F2B
9.9436,41-017892,InvtPart,0.00,0,Charging Stations,C1B7BBA7
9.12017,31-112017,InvtPart,375.00,0,Modules,1FAC9D9D
9.2062,34-007531,InvtPart,0.00,0,Racking,D1CABACB
9.1956,34-007523,InvtPart,0.00,0,Racking,D1CABACB
9.1930,34-007515,InvtPart,0.00,0,Racking,D1CABACB
9.14491,38-114491,NonInvtPart,0.00,0,Other,5E0AA74F
9.5406,36-011485,InvtPart,0.00,0,Inverter Accessories,5E0AA74F
9.5919,32-014909,InvtPart,8000.00,0,Inverters,5E0AA74F
9.5683,36-012776,InvtPart,0.00,0,Inverter Accessories,5E0AA74F
9.5397,32-011481,InvtPart,12000.00,0,Inverters,5E0AA74F
9.6776,32-014921,InvtPart,5000.00,0,Inverters,5E0AA74F
9.11807,32-111807,InvtPart,105000.00,0,Inverters,5E0AA74F
9.15096,31-115096,InvtPart,415.00,0,Modules,D4942B98
9.11968,37-111968,InvtPart,0.00,0,Inverter Accessories,7D867071
9.11966,37-111966,InvtPart,0.00,0,Inverter Accessories,7D867071
9.11267,37-111267,InvtPart,0.00,0,Inverter Accessories,7D867071
9.14642,37-114642,InvtPart,0.00,0,Inverter Accessories,7D867071
9.14098,31-114098,InvtPart,565.00,0,Modules,A7A201AC
9.13616,38-113616,NonInvtPart,0.00,0,Other,A7A201AC
9.12859,31-112859,InvtPart,410.00,0,Modules,A7A201AC
9.13487,31-113487,InvtPart,420.00,0,Modules,A7A201AC
9.15088,31-115088,InvtPart,440.00,0,Modules,A7A201AC
9.14635,31-114635,InvtPart,445.00,0,Modules,A7A201AC
9.14999,31-114999,InvtPart,435.00,0,Modules,A7A201AC
9.14533,31-114533,InvtPart,425.00,0,Modules,A7A201AC
9.16537,31-116537,InvtPart,570.00,0,Modules,A7A201AC
9.14076,31-114076,InvtPart,420.00,0,Modules,A7A201AC
9.13706,31-113706,InvtPart,420.00,0,Modules,A7A201AC
9.13465,31-113465,InvtPart,420.00,0,Modules,A7A201AC
9.13559,31-113559,InvtPart,430.00,0,Modules,A7A201AC
9.14215,31-114215,InvtPart,570.00,0,Modules,A7A201AC
9.12823,31-112823,InvtPart,425.00,0,Modules,A7A201AC
9.13695,37-113695,InvtPart,0.00,0,Other,A7A201AC
9.13687,31-113687,InvtPart,425.00,0,Modules,A7A201AC
9.13696,37-113696,InvtPart,0.00,0,Other,A7A201AC
9.16660,35-116660,InvtPart,0.00,10240,Storage,A7A201AC
9.13450,31-113450,InvtPart,410.00,0,Modules,A7A201AC
9.13838,31-113838,InvtPart,425.00,0,Modules,A7A201AC
9.12821,31-112821,InvtPart,420.00,0,Modules,A7A201AC
9.15089,31-115089,InvtPart,445.00,0,Modules,A7A201AC
9.12740,31-112740,InvtPart,405.00,0,Modules,A7A201AC
9.12720,31-112720,InvtPart,405.00,0,Modules,A7A201AC
9.12789,31-112789,InvtPart,555.00,0,Modules,A7A201AC
9.14566,31-114566,InvtPart,575.00,0,Modules,A7A201AC
9.10878,37-110878,InvtPart,0.00,0,Other,8C4284D4
9.10875,37-110875,InvtPart,0.00,0,Other,8C4284D4
9.10873,37-110873,InvtPart,0.00,0,Other,8C4284D4
9.8453,37-007567,InvtPart,0.00,0,Other,C4FA9AFF
9.8352,37-007570,InvtPart,0.00,0,Other,C4FA9AFF
9.8329,37-010443,InvtPart,0.00,0,Other,C4FA9AFF
9.9451,37-017943,InvtPart,0.00,0,Other,C4FA9AFF
9.12718,37-112718,InvtPart,0.00,0,Charging Stations,C4FA9AFF
9.8332,37-010649,InvtPart,0.00,0,Other,C4FA9AFF
9.8906,37-015994,InvtPart,0.00,0,Other,C4FA9AFF
9.8306,37-010277,InvtPart,0.00,0,Other,C4FA9AFF
9.13661,37-113661,InvtPart,0.00,0,Other,C4FA9AFF
9.13663,37-113663,InvtPart,0.00,0,Other,C4FA9AFF
9.8261,37-007563,InvtPart,0.00,0,Other,C4FA9AFF
9.1936,34-007530,InvtPart,0.00,0,Racking,D1CABACB
9.1909,34-007518,InvtPart,0.00,0,Racking,D1CABACB
9.2064,34-007521,InvtPart,0.00,0,Racking,D1CABACB
9.11260,37-111260,InvtPart,0.00,0,Other,28B06F2B
9.11254,37-111254,InvtPart,0.00,0,Other,28B06F2B
9.11742,37-111742,InvtPart,0.00,0,Other,28B06F2B
9.11241,37-111241,InvtPart,0.00,0,Other,28B06F2B
9.11256,37-111256,InvtPart,0.00,0,Other,28B06F2B
9.11239,37-111239,InvtPart,0.00,0,Other,28B06F2B
9.11740,37-111740,InvtPart,0.00,0,Other,28B06F2B
9.11743,37-111743,InvtPart,0.00,0,Other,28B06F2B
9.11221,37-111221,InvtPart,0.00,0,Other,28B06F2B
9.11741,37-111741,InvtPart,0.00,0,Other,28B06F2B
9.8903,37-014968,InvtPart,0.00,0,Other,94A47869
9.8971,37-014967,InvtPart,0.00,0,Other,94A47869
9.14378,37-114378,InvtPart,0.00,0,Other,94A47869
9.14235,37-114235,InvtPart,0.00,0,Other,94A47869
9.9157,37-014970,InvtPart,0.00,0,Other,94A47869
9.16866,41-116866,InvtPart,0.00,0,Charging Stations,438170BC
9.14453,41-114453,InvtPart,0.00,0,Charging Stations,438170BC
9.7732,03-001417,InvtPart,0.00,0,Racking,1D56D199
9.7319,03-001433,InvtPart,0.00,0,Racking,1D56D199
9.15109,03-001681,InvtPart,0.00,0,Racking,1D56D199
9.2473,03-000505,InvtPart,0.00,0,Racking,1D56D199
9.8353,37-007578,InvtPart,0.00,0,Other,C4FA9AFF
9.8315,37-009426,InvtPart,0.00,0,Other,C4FA9AFF
9.13664,37-113664,InvtPart,0.00,0,Other,C4FA9AFF
9.12774,37-012774,InvtPart,0.00,0,Other,C4FA9AFF
9.11820,37-111820,InvtPart,0.00,0,Other,C4FA9AFF
9.8551,37-007575,InvtPart,0.00,0,Other,C4FA9AFF
9.11952,37-111952,InvtPart,0.00,0,Other,C4FA9AFF
9.12371,37-112371,InvtPart,0.00,0,Other,C4FA9AFF
9.11984,37-111984,InvtPart,0.00,0,Other,C4FA9AFF
9.11210,37-111210,InvtPart,0.00,0,Other,C4FA9AFF
9.11211,37-111211,InvtPart,0.00,0,Other,C4FA9AFF
9.17016,37-117016,InvtPart,0.00,0,Other,C4FA9AFF
9.8845,37-013287,InvtPart,0.00,0,Other,C4FA9AFF
9.11822,37-111822,InvtPart,0.00,0,Other,C4FA9AFF
9.11954,37-111954,InvtPart,0.00,0,Other,C4FA9AFF
9.12772,37-012772,InvtPart,0.00,0,Other,C4FA9AFF
9.11821,37-111821,InvtPart,0.00,0,Other,C4FA9AFF
9.11772,41-111772,InvtPart,0.00,0,Charging Stations,CAE5206B
9.2955,03-000966,InvtPart,0.00,0,Racking,1D56D199
9.4794,39-010459,InvtPart,0.00,0,Racking,1D56D199
9.6624,03-000164,InvtPart,0.00,0,Racking,1D56D199
9.3658,03-000314,InvtPart,0.00,0,Racking,1D56D199
9.13702,03-001581,InvtPart,0.00,0,Racking,1D56D199
9.11419,03-001441,InvtPart,0.00,0,Racking,1D56D199
9.4789,03-000150,InvtPart,0.00,0,Racking,1D56D199
9.13588,03-001580,InvtPart,0.00,0,Racking,1D56D199
9.7309,32-017929,InvtPart,36000.00,0,Inverters,5E0AA74F
9.6584,32-014910,InvtPart,10000.00,0,Inverters,5E0AA74F
9.6597,32-014913,InvtPart,17000.00,0,Inverters,5E0AA74F
9.15025,42-115025,InvtPart,0.00,193500,Storage,5E0AA74F
9.12512,32-112512,InvtPart,8000.00,0,Inverters,5E0AA74F
9.11736,38-111736,NonInvtPart,0.00,0,Other,5E0AA74F
9.6595,32-014906,InvtPart,4000.00,0,Inverters,5E0AA74F
9.11308,32-111308,InvtPart,100000.00,0,Inverters,5E0AA74F
9.11218,31-111218,InvtPart,345.00,0,Modules,D4942B98
9.11920,31-111920,InvtPart,390.00,0,Modules,D4942B98
9.16981,31-116981,InvtPart,440.00,0,Modules,D4942B98
9.11351,31-111351,InvtPart,385.00,0,Modules,D4942B98
9.10871,31-110871,InvtPart,375.00,0,Modules,D4942B98
9.8847,37-012695,InvtPart,0.00,0,Inverter Accessories,7D867071
9.11967,37-111967,InvtPart,0.00,0,Inverter Accessories,7D867071
9.8843,37-012694,InvtPart,0.00,0,Inverter Accessories,7D867071
9.14641,37-114641,InvtPart,0.00,0,Inverter Accessories,7D867071
9.14640,37-114640,InvtPart,0.00,0,Inverter Accessories,7D867071
9.11921,37-111921,InvtPart,0.00,0,Inverter Accessories,7D867071
9.14071,37-114071,InvtPart,0.00,0,Inverter Accessories,7D867071
9.11965,37-111965,InvtPart,0.00,0,Inverter Accessories,7D867071
9.12001,37-112001,InvtPart,0.00,0,Inverter Accessories,7D867071
9.14070,37-114070,InvtPart,0.00,0,Inverter Accessories,7D867071
9.14633,31-114633,InvtPart,435.00,0,Modules,A7A201AC
9.13940,31-113940,InvtPart,430.00,0,Modules,A7A201AC
9.12973,31-112973,InvtPart,420.00,0,Modules,A7A201AC
9.16273,31-116273,InvtPart,425.00,0,Modules,A7A201AC
9.12931,31-112931,InvtPart,545.00,0,Modules,A7A201AC
9.14200,31-114200,InvtPart,570.00,0,Modules,A7A201AC
9.14086,31-114086,InvtPart,430.00,0,Modules,A7A201AC
9.14077,31-114077,InvtPart,425.00,0,Modules,A7A201AC
9.13689,31-113689,InvtPart,560.00,0,Modules,A7A201AC
9.13694,37-113694,InvtPart,0.00,0,Other,A7A201AC
9.13697,37-113697,InvtPart,0.00,0,Other,A7A201AC
9.14630,31-114630,InvtPart,430.00,0,Modules,A7A201AC
9.13617,38-113617,NonInvtPart,0.00,0,Other,A7A201AC
9.12932,31-112932,InvtPart,550.00,0,Modules,A7A201AC
9.13477,36-113477,InvtPart,0.00,0,Other,A7A201AC
9.12827,31-112827,InvtPart,410.00,0,Modules,A7A201AC
9.14531,31-114531,InvtPart,430.00,0,Modules,A7A201AC
9.14565,31-114565,InvtPart,470.00,0,Modules,A7A201AC
9.14634,31-114634,InvtPart,440.00,0,Modules,A7A201AC
9.13024,31-113024,InvtPart,415.00,0,Modules,A7A201AC
9.12934,31-112934,InvtPart,415.00,0,Modules,A7A201AC
9.14638,31-114638,InvtPart,440.00,0,Modules,A7A201AC
9.15213,31-115213,InvtPart,425.00,0,Modules,A7A201AC
9.15090,31-115090,InvtPart,430.00,0,Modules,A7A201AC
9.10872,37-110872,InvtPart,0.00,0,Other,8C4284D4
9.10874,37-110874,InvtPart,0.00,0,Other,8C4284D4
9.10876,37-110876,InvtPart,0.00,0,Other,8C4284D4
9.10593,37-012735,InvtPart,0.00,0,Other,C4FA9AFF
9.11982,37-111982,InvtPart,0.00,0,Other,C4FA9AFF
9.12748,37-112748,InvtPart,0.00,0,Other,C4FA9AFF
9.13682,37-113682,InvtPart,0.00,0,Other,C4FA9AFF
9.11212,37-111212,InvtPart,0.00,0,Other,C4FA9AFF
9.13662,37-113662,InvtPart,0.00,0,Other,C4FA9AFF
9.8454,37-007579,InvtPart,0.00,0,Other,C4FA9AFF
9.9058,37-017169,InvtPart,0.00,0,Other,C4FA9AFF
9.12717,37-112717,InvtPart,0.00,0,Other,C4FA9AFF
9.8857,37-013300,InvtPart,0.00,0,Other,C4FA9AFF
9.9011,37-017170,InvtPart,0.00,0,Other,C4FA9AFF
9.13674,37-113674,InvtPart,0.00,0,Other,C4FA9AFF
9.8552,37-007577,InvtPart,0.00,0,Other,C4FA9AFF
9.9412,37-017210,InvtPart,0.00,0,Other,C4FA9AFF
9.8255,37-007569,InvtPart,0.00,0,Other,C4FA9AFF
9.9155,37-015020,InvtPart,0.00,0,Other,C4FA9AFF
9.11209,37-111209,InvtPart,0.00,0,Other,C4FA9AFF
9.8455,37-007574,InvtPart,0.00,0,Other,C4FA9AFF
9.8320,37-009302,InvtPart,0.00,0,Other,C4FA9AFF
9.8262,37-007566,InvtPart,0.00,0,Other,C4FA9AFF
9.12773,37-012773,InvtPart,0.00,0,Other,C4FA9AFF
9.8354,37-007565,InvtPart,0.00,0,Other,C4FA9AFF
9.11953,37-111953,InvtPart,0.00,0,Other,C4FA9AFF
9.11781,37-111781,InvtPart,0.00,0,Other,C4FA9AFF
9.11951,37-111951,InvtPart,0.00,0,Other,C4FA9AFF
9.9404,37-017168,InvtPart,0.00,0,Other,C4FA9AFF
9.8260,37-007576,InvtPart,0.00,0,Other,C4FA9AFF
9.11408,37-011409,InvtPart,0.00,0,Other,C4FA9AFF
9.8960,37-014969,InvtPart,0.00,0,Other,94A47869
9.8888,37-014942,InvtPart,0.00,0,Other,94A47869
9.9018,37-017335,InvtPart,0.00,0,Other,94A47869
9.8913,37-014971,InvtPart,0.00,0,Other,94A47869
9.11328,37-111328,InvtPart,0.00,0,Other,94A47869
9.12685,03-000120,InvtPart,0.00,0,Racking,1D56D199
9.13557,03-001516,InvtPart,0.00,0,Racking,1D56D199
9.2497,03-000323,InvtPart,0.00,0,Racking,1D56D199
9.4768,39-010461,InvtPart,0.00,0,Racking,1D56D199
9.16998,03-116998,InvtPart,0.00,0,Racking,1D56D199
9.2304,03-000132,InvtPart,0.00,0,Racking,1D56D199
9.3293,03-000173,InvtPart,0.00,0,Racking,1D56D199
9.6216,03-001368,InvtPart,0.00,0,Racking,1D56D199
9.12940,03-001493,InvtPart,0.00,0,Racking,1D56D199
9.2494,03-000001,InvtPart,0.00,0,Racking,1D56D199
9.7067,03-001237,InvtPart,0.00,0,Racking,1D56D199
9.15099,03-001533,InvtPart,0.00,0,Racking,1D56D199
9.4498,03-000136,InvtPart,0.00,0,Racking,1D56D199
9.7061,03-001346,InvtPart,0.00,0,Racking,1D56D199
9.12013,03-001485,InvtPart,0.00,0,Racking,1D56D199
9.15098,03-001537,InvtPart,0.00,0,Racking,1D56D199
9.15108,03-001542,InvtPart,0.00,0,Racking,1D56D199
9.2289,03-000271,InvtPart,0.00,0,Racking,1D56D199
9.8759,41-011432,InvtPart,0.00,0,Charging Stations,CAE5206B
9.3684,32-008302,InvtPart,8500.00,0,Inverters,FFA227F9
9.5028,32-011402,InvtPart,2000.00,0,Inverters,FFA227F9
9.2317,03-000316,InvtPart,0.00,0,Racking,1D56D199
9.3690,03-000722,InvtPart,0.00,0,Racking,1D56D199
9.6802,03-001142,InvtPart,0.00,0,Racking,1D56D199
9.5867,03-000486,InvtPart,0.00,0,Racking,1D56D199
9.15102,03-001649,InvtPart,0.00,0,Racking,1D56D199
9.7723,03-001380,InvtPart,0.00,0,Racking,1D56D199
9.2460,03-000410,InvtPart,0.00,0,Racking,1D56D199
9.2453,03-000062,InvtPart,0.00,0,Racking,1D56D199
9.5359,03-001243,InvtPart,0.00,0,Racking,1D56D199
9.3953,03-001108,InvtPart,0.00,0,Racking,1D56D199
9.11298,03-001343,InvtPart,0.00,0,Racking,1D56D199
9.5735,03-001281,InvtPart,0.00,0,Racking,1D56D199
9.12814,36-112814,InvtPart,0.00,0,Inverter Accessories,FFA227F9
9.3575,32-008814,InvtPart,5500.00,0,Inverters,FFA227F9
9.7317,32-017950,InvtPart,30000.00,0,Inverters,FFA227F9
9.5005,32-010899,InvtPart,4600.00,0,Inverters,FFA227F9
9.956,35-010673,NonInvtPart,0.00,0,Inverters,FFA227F9
9.5036,32-011399,InvtPart,10000.00,0,Inverters,FFA227F9
9.12613,32-112613,InvtPart,15000.00,0,Inverters,FFA227F9
9.7329,32-017951,InvtPart,50000.00,0,Inverters,FFA227F9
9.12614,32-112614,InvtPart,17000.00,0,Inverters,FFA227F9
9.3656,03-000115,InvtPart,0.00,0,Racking,1D56D199
9.16999,03-116999,InvtPart,0.00,0,Racking,1D56D199
9.5023,03-001257,InvtPart,0.00,0,Racking,1D56D199
9.4953,03-001263,InvtPart,0.00,0,Racking,1D56D199
9.6952,03-001408,InvtPart,0.00,0,Racking,1D56D199
9.13447,03-000972,InvtPart,0.00,0,Racking,1D56D199
9.2322,03-000269,InvtPart,0.00,0,Racking,1D56D199
9.3263,03-000082,InvtPart,0.00,0,Racking,1D56D199
9.3286,03-000508,InvtPart,0.00,0,Racking,1D56D199
9.12483,03-001474,InvtPart,0.00,0,Racking,1D56D199
9.3151,03-000841,InvtPart,0.00,0,Racking,1D56D199
9.2295,03-000104,InvtPart,0.00,0,Racking,1D56D199
9.2454,03-000262,InvtPart,0.00,0,Racking,1D56D199
9.2344,03-000197,InvtPart,0.00,0,Racking,1D56D199
9.13452,03-001529,InvtPart,0.00,0,Racking,1D56D199
9.3328,03-000243,InvtPart,0.00,0,Racking,1D56D199
9.4373,03-000125,InvtPart,0.00,0,Racking,1D56D199
9.4155,03-000290,InvtPart,0.00,0,Racking,1D56D199
9.3152,03-000873,InvtPart,0.00,0,Racking,1D56D199
9.15271,03-001579,InvtPart,0.00,0,Racking,1D56D199
9.2149,03-000261,InvtPart,0.00,0,Racking,1D56D199
9.12945,03-001507,InvtPart,0.00,0,Racking,1D56D199
9.6151,03-000285_N,InvtPart,0.00,0,Racking,1D56D199
9.6213,03-001325,InvtPart,0.00,0,Racking,1D56D199
9.5730,03-001324,InvtPart,0.00,0,Racking,1D56D199
9.5950,03-000275_N,InvtPart,0.00,0,Racking,1D56D199
9.7552,03-001434,InvtPart,0.00,0,Racking,1D56D199
9.7027,03-001371,InvtPart,0.00,0,Racking,1D56D199
9.6815,03-001407,InvtPart,0.00,0,Racking,1D56D199
9.6628,03-001370,InvtPart,0.00,0,Racking,1D56D199
9.7265,03-000242,InvtPart,0.00,0,Racking,1D56D199
9.6656,03-001362,InvtPart,0.00,0,Racking,1D56D199
9.15104,03-001680,InvtPart,0.00,0,Racking,1D56D199
9.12669,03-000149,InvtPart,0.00,0,Racking,1D56D199
9.14750,40-114750,InvtPart,0.00,0,Racking,1D56D199
9.16997,03-116997,InvtPart,0.00,0,Racking,1D56D199
9.2261,03-000272,InvtPart,0.00,0,Racking,1D56D199
9.2311,03-000407,InvtPart,0.00,0,Racking,1D56D199
9.5480,03-000118,InvtPart,0.00,0,Racking,1D56D199
9.3692,03-000216,InvtPart,0.00,0,Racking,1D56D199
9.4503,03-001223,InvtPart,0.00,0,Racking,1D56D199
9.3340,03-000219,InvtPart,0.00,0,Racking,1D56D199
9.4252,03-001149,InvtPart,0.00,0,Racking,1D56D199
9.4829,39-010460,InvtPart,0.00,0,Racking,1D56D199
9.14963,03-001663,InvtPart,0.00,0,Racking,1D56D199
9.7016,03-001369,InvtPart,0.00,0,Racking,1D56D199
9.2286,03-000893,InvtPart,0.00,0,Racking,1D56D199
9.14975,03-001659,InvtPart,0.00,0,Racking,1D56D199
9.2266,03-000259,InvtPart,0.00,0,Racking,1D56D199
9.2464,03-000254,InvtPart,0.00,0,Racking,1D56D199
9.3451,03-000310,InvtPart,0.00,0,Racking,1D56D199
9.6830,03-001236,InvtPart,0.00,0,Racking,1D56D199
9.7036,03-001364,InvtPart,0.00,0,Racking,1D56D199
9.4251,03-000052,InvtPart,0.00,0,Racking,1D56D199
9.5676,03-000957,InvtPart,0.00,0,Racking,1D56D199
9.5408,03-000100,InvtPart,0.00,0,Racking,1D56D199
9.2851,03-000315,InvtPart,0.00,0,Racking,1D56D199
9.4467,03-000028,InvtPart,0.00,0,Racking,1D56D199
9.2952,03-000977,InvtPart,0.00,0,Racking,1D56D199
9.6605,03-001153,InvtPart,0.00,0,Racking,1D56D199
9.4489,03-001111,InvtPart,0.00,0,Racking,1D56D199
9.3664,03-000266,InvtPart,0.00,0,Racking,1D56D199
9.2479,03-000507,InvtPart,0.00,0,Racking,1D56D199
9.3329,03-000114,InvtPart,0.00,0,Racking,1D56D199
9.3554,03-000309,InvtPart,0.00,0,Racking,1D56D199
9.2340,03-000631,InvtPart,0.00,0,Racking,1D56D199
9.3652,03-000693,InvtPart,0.00,0,Racking,1D56D199
9.3970,03-000135,InvtPart,0.00,0,Racking,1D56D199
9.15270,03-001578,InvtPart,0.00,0,Racking,1D56D199
9.3297,03-000072,InvtPart,0.00,0,Racking,1D56D199
9.4355,03-001079,InvtPart,0.00,0,Racking,1D56D199
9.5883,03-000737,InvtPart,0.00,0,Racking,1D56D199
9.15278,40-115278,InvtPart,0.00,0,Racking,1D56D199
9.5376,03-001069,InvtPart,0.00,0,Racking,1D56D199
9.11413,03-001465,InvtPart,0.00,0,Racking,1D56D199
9.5768,03-000276_N,InvtPart,0.00,0,Racking,1D56D199
9.5959,03-000287_N,InvtPart,0.00,0,Racking,1D56D199
9.6982,03-001365,InvtPart,0.00,0,Racking,1D56D199
9.6564,12-000978,InvtPart,0.00,0,Racking,1D56D199
9.13638,03-001523,InvtPart,0.00,0,Racking,1D56D199
9.13388,03-001490,InvtPart,0.00,0,Racking,1D56D199
9.14917,40-114917,InvtPart,0.00,0,Racking,1D56D199
9.13678,03-001588,InvtPart,0.00,0,Racking,1D56D199
9.14749,40-114749,InvtPart,0.00,0,Racking,1D56D199
9.5724,03-001340,InvtPart,0.00,0,Racking,1D56D199
9.12946,03-001508,InvtPart,0.00,0,Racking,1D56D199
9.15279,40-115279,InvtPart,0.00,0,Racking,1D56D199
9.12329,03-000832,InvtPart,0.00,0,Racking,1D56D199
9.6759,03-001366,InvtPart,0.00,0,Racking,1D56D199
9.13637,03-001522,InvtPart,0.00,0,Racking,1D56D199
9.4846,03-000985,InvtPart,0.00,0,Racking,1D56D199
9.4806,03-000127,InvtPart,0.00,0,Racking,1D56D199
9.3256,03-000321,InvtPart,0.00,0,Racking,1D56D199
9.2263,03-000932,InvtPart,0.00,0,Racking,1D56D199
9.4466,03-001185,InvtPart,0.00,0,Racking,1D56D199
9.13558,03-001517,InvtPart,0.00,0,Racking,1D56D199
9.12704,03-000176,InvtPart,0.00,0,Racking,1D56D199
9.14751,40-114751,InvtPart,0.00,0,Racking,1D56D199
9.7040,03-001345,InvtPart,0.00,0,Racking,1D56D199
9.3310,03-000499,InvtPart,0.00,0,Racking,1D56D199
9.3274,03-000007,InvtPart,0.00,0,Racking,1D56D199
9.2327,03-001152,InvtPart,0.00,0,Racking,1D56D199
9.3659,03-000244,InvtPart,0.00,0,Racking,1D56D199
9.15100,03-001532,InvtPart,0.00,0,Racking,1D56D199
9.2143,03-000931,InvtPart,0.00,0,Racking,1D56D199
9.4556,03-001110,InvtPart,0.00,0,Racking,1D56D199
9.3676,03-000223,InvtPart,0.00,0,Racking,1D56D199
9.2651,03-000105,InvtPart,0.00,0,Racking,1D56D199
9.2312,03-000065,InvtPart,0.00,0,Racking,1D56D199
9.2476,03-000989,InvtPart,0.00,0,Racking,1D56D199
9.12191,31-112191,InvtPart,365.00,0,Modules,12023C97
9.11409,31-111409,InvtPart,400.00,0,Modules,12023C97
9.11927,31-111927,InvtPart,385.00,0,Modules,12023C97
9.11431,31-111431,InvtPart,365.00,0,Modules,12023C97
9.12680,31-112680,InvtPart,420.00,0,Modules,12023C97
9.12681,31-112681,InvtPart,440.00,0,Modules,12023C97
9.12738,40-012738,InvtPart,0.00,0,Other,12023C97
9.12554,31-112554,InvtPart,400.00,0,Modules,12023C97
9.5449,35-011741,InvtPart,0.00,6500,Storage,418F0656
9.10164,35-013150,InvtPart,0.00,9800,Storage,418F0656
9.8963,37-014927,InvtPart,0.00,0,Other,418F0656
9.11347,35-111347,InvtPart,0.00,16000,Storage,418F0656
9.11425,35-111425,InvtPart,0.00,0,Storage,418F0656
9.11917,31-111917,InvtPart,410.00,0,Modules,E70A01BB
9.13434,31-113434,InvtPart,405.00,0,Modules,E70A01BB
9.7088,31-017197,InvtPart,370.00,0,Modules,E70A01BB
9.15057,31-115057,InvtPart,400.00,0,Modules,E70A01BB
9.6189,31-013900,InvtPart,370.00,0,Modules,E70A01BB
9.15681,31-115681,InvtPart,415.00,0,Modules,E70A01BB
9.3562,03-000202,InvtPart,0.00,0,Racking,1D56D199
9.3965,03-001796,InvtPart,0.00,0,Racking,1D56D199
9.4495,03-001219,InvtPart,0.00,0,Racking,1D56D199
9.3681,03-000370,InvtPart,0.00,0,Racking,1D56D199
9.10592,31-110592,InvtPart,445.00,0,Modules,E70A01BB
9.7262,31-017745,InvtPart,375.00,0,Modules,E70A01BB
9.16276,31-116276,InvtPart,420.00,0,Modules,E70A01BB
9.16666,31-116666,InvtPart,435.00,0,Modules,E70A01BB
9.11384,31-111384,InvtPart,375.00,0,Modules,E70A01BB
9.11878,38-111878,NonInvtPart,0.00,0,Other,8F1D81B9
9.1546,32-006483,InvtPart,6000.00,0,Inverters,8F1D81B9
9.2285,36-007625,InvtPart,0.00,0,Inverter Accessories,8F1D81B9
9.1873,32-006492,InvtPart,50000.00,0,Inverters,8F1D81B9
9.9361,41-016497,InvtPart,0.00,0,Charging Stations,8F1D81B9
9.13048,32-113048,InvtPart,25000.00,0,Inverters,8F1D81B9
9.13444,38-113444,NonInvtPart,0.00,0,Other,8F1D81B9
9.1888,32-006953,InvtPart,2500.00,0,Inverters,8F1D81B9
9.3663,03-000203,InvtPart,0.00,0,Racking,1D56D199
9.3339,03-000894,InvtPart,0.00,0,Racking,1D56D199
9.3273,03-000226,InvtPart,0.00,0,Racking,1D56D199
9.2456,03-000263,InvtPart,0.00,0,Racking,1D56D199
9.3345,03-000199,InvtPart,0.00,0,Racking,1D56D199
9.11265,03-001439,InvtPart,0.00,0,Racking,1D56D199
9.3687,03-000222,InvtPart,0.00,0,Racking,1D56D199
9.4803,03-001227,InvtPart,0.00,0,Racking,1D56D199
9.11469,32-111469,InvtPart,10000.00,0,Inverters,FFA227F9
9.5041,32-011405,InvtPart,3000.00,0,Inverters,FFA227F9
9.4368,32-009308,InvtPart,15000.00,0,Inverters,FFA227F9
9.4468,32-008813,InvtPart,4200.00,0,Inverters,FFA227F9
9.5019,32-011404,InvtPart,3000.00,0,Inverters,FFA227F9
9.6795,32-016597,InvtPart,3000.00,0,Inverters,FFA227F9
9.7322,32-017938,InvtPart,5000.00,0,Inverters,FFA227F9
9.12612,32-112612,InvtPart,12000.00,0,Inverters,FFA227F9
9.14574,38-114574,NonInvtPart,0.00,0,Charging Stations,0739654B
9.11424,31-111424,InvtPart,360.00,0,Modules,12023C97
9.11291,40-111291,InvtPart,0.00,0,Other,12023C97
9.12192,31-112192,InvtPart,440.00,0,Modules,12023C97
9.12401,31-112401,InvtPart,390.00,0,Modules,12023C97
9.7699,31-018127,InvtPart,370.00,0,Modules,12023C97
9.11855,31-111855,InvtPart,370.00,0,Modules,12023C97
9.11420,31-111420,InvtPart,375.00,0,Modules,12023C97
9.7710,31-018163,InvtPart,375.00,0,Modules,12023C97
9.12149,31-112149,InvtPart,380.00,0,Modules,12023C97
9.12558,31-112558,InvtPart,370.00,0,Modules,12023C97
9.8282,37-007687,InvtPart,0.00,0,Other,418F0656
9.4156,35-008747,InvtPart,0.00,0,Storage,418F0656
9.10360,35-013271,InvtPart,0.00,13100,Storage,418F0656
9.11348,35-111348,InvtPart,0.00,10000,Storage,418F0656
9.10590,31-110590,InvtPart,370.00,0,Modules,E70A01BB
9.12797,31-112797,InvtPart,405.00,0,Modules,E70A01BB
9.16667,31-116667,InvtPart,440.00,0,Modules,E70A01BB
9.14540,31-114540,InvtPart,410.00,0,Modules,E70A01BB
9.11381,31-111381,InvtPart,370.00,0,Modules,E70A01BB
9.13435,31-113435,InvtPart,410.00,0,Modules,E70A01BB
9.7730,31-018131,InvtPart,365.00,0,Modules,E70A01BB
9.12798,31-112798,InvtPart,400.00,0,Modules,E70A01BB
9.11876,38-111876,NonInvtPart,0.00,0,Other,8F1D81B9
9.9851,36-006503,InvtPart,0.00,0,Inverter Accessories,8F1D81B9
9.12631,32-112631,InvtPart,8000.00,0,Inverters,8F1D81B9
9.7295,42-017912,InvtPart,0.00,67000,Storage,8F1D81B9
9.13543,36-113543,InvtPart,0.00,0,Inverter Accessories,8F1D81B9
9.13039,32-113039,InvtPart,12000.00,0,Inverters,8F1D81B9
9.5694,03-000859,InvtPart,0.00,0,Racking,1D56D199
9.3268,03-000396,InvtPart,0.00,0,Racking,1D56D199
9.6206,03-001367,InvtPart,0.00,0,Racking,1D56D199
9.6980,03-001372,InvtPart,0.00,0,Racking,1D56D199
9.11873,03-000156,InvtPart,0.00,0,Racking,1D56D199
9.11858,03-000928,InvtPart,0.00,0,Racking,1D56D199
9.6638,03-000168,InvtPart,0.00,0,Racking,1D56D199
9.5708,03-000277_N,InvtPart,0.00,0,Racking,1D56D199
9.2753,03-000880,InvtPart,0.00,0,Racking,1D56D199
9.3254,03-000128,InvtPart,0.00,0,Racking,1D56D199
9.2303,03-000134,InvtPart,0.00,0,Racking,1D56D199
9.3454,03-000224,InvtPart,0.00,0,Racking,1D56D199
9.2486,03-000929,InvtPart,0.00,0,Racking,1D56D199
9.15280,40-115280,InvtPart,0.00,0,Racking,1D56D199
9.4520,03-000204,InvtPart,0.00,0,Racking,1D56D199
9.3576,03-000786,InvtPart,0.00,0,Racking,1D56D199
9.2277,03-000933,InvtPart,0.00,0,Racking,1D56D199
9.3682,03-000130,InvtPart,0.00,0,Racking,1D56D199
9.5375,36-011454,InvtPart,0.00,0,Inverter Accessories,8F1D81B9
9.5378,32-011464,InvtPart,8000.00,0,Inverters,8F1D81B9
9.7049,32-017128,InvtPart,110000.00,0,Inverters,8F1D81B9
9.7323,32-017917,InvtPart,60000.00,0,Inverters,8F1D81B9
9.7294,35-017914,InvtPart,0.00,0,Storage,8F1D81B9
9.13045,32-113045,InvtPart,20000.00,0,Inverters,8F1D81B9
9.13758,32-113758,InvtPart,110000.00,0,Inverters,8F1D81B9
9.9446,37-017916,InvtPart,0.00,0,Other,8F1D81B9
9.1869,32-006496,InvtPart,5000.00,0,Inverters,8F1D81B9
9.5353,32-011463,InvtPart,6000.00,0,Inverters,8F1D81B9
9.3266,03-000012,InvtPart,0.00,0,Racking,1D56D199
9.3284,03-000443,InvtPart,0.00,0,Racking,1D56D199
9.4354,03-001151,InvtPart,0.00,0,Racking,1D56D199
9.3051,03-000362,InvtPart,0.00,0,Racking,1D56D199
9.14811,03-001666,InvtPart,0.00,0,Racking,1D56D199
9.3323,03-000158,InvtPart,0.00,0,Racking,1D56D199
9.2297,03-000281,InvtPart,0.00,0,Racking,1D56D199
9.2301,03-000343,InvtPart,0.00,0,Racking,1D56D199
9.15101,03-001539,InvtPart,0.00,0,Racking,1D56D199
9.3678,03-000117,InvtPart,0.00,0,Racking,1D56D199
9.2463,03-000304,InvtPart,0.00,0,Racking,1D56D199
9.2960,03-000329,InvtPart,0.00,0,Racking,1D56D199
9.2493,03-000006,InvtPart,0.00,0,Racking,1D56D199
9.4813,32-010292,InvtPart,3680.00,0,Inverters,8F1D81B9
9.13044,32-113044,InvtPart,15000.00,0,Inverters,8F1D81B9
9.5374,36-011455,InvtPart,0.00,0,Inverter Accessories,8F1D81B9
9.12633,32-112633,InvtPart,5000.00,0,Inverters,8F1D81B9
9.4539,32-009238,InvtPart,5000.00,0,Inverters,8F1D81B9
9.1872,32-006491,InvtPart,15000.00,0,Inverters,8F1D81B9
9.1856,32-006489,InvtPart,25000.00,0,Inverters,8F1D81B9
9.14934,32-114934,InvtPart,110000.00,0,Inverters,ACD01D6B
9.3321,03-000536,InvtPart,0.00,0,Racking,1D56D199
9.2335,03-000256,InvtPart,0.00,0,Racking,1D56D199
9.2276,03-000273,InvtPart,0.00,0,Racking,1D56D199
9.3301,03-000373,InvtPart,0.00,0,Racking,1D56D199
9.15107,03-001541,InvtPart,0.00,0,Racking,1D56D199
9.2282,03-000195,InvtPart,0.00,0,Racking,1D56D199
9.3330,03-000275,InvtPart,0.00,0,Racking,1D56D199
9.3657,03-000011,InvtPart,0.00,0,Racking,1D56D199
9.4374,03-001113,InvtPart,0.00,0,Racking,1D56D199
9.2349,03-000285,InvtPart,0.00,0,Racking,1D56D199
9.2461,03-000264,InvtPart,0.00,0,Racking,1D56D199
9.2459,03-000260,InvtPart,0.00,0,Racking,1D56D199
9.6197,36-014933,InvtPart,0.00,0,Inverter Accessories,47759E3F
9.7750,32-018203,InvtPart,25000.00,0,Inverters,47759E3F
9.3264,03-000326,InvtPart,0.00,0,Racking,1D56D199
9.3957,34-008818,InvtPart,0.00,0,Racking,1D56D199
9.3322,03-000602,InvtPart,0.00,0,Racking,1D56D199
9.2852,03-000282,InvtPart,0.00,0,Racking,1D56D199
9.2262,03-000233,InvtPart,0.00,0,Racking,1D56D199
9.2954,03-000924,InvtPart,0.00,0,Racking,1D56D199
9.1911,32-006495,InvtPart,4000.00,0,Inverters,8F1D81B9
9.1864,32-006490,InvtPart,15000.00,0,Inverters,8F1D81B9
9.1913,32-006954,InvtPart,6000.00,0,Inverters,8F1D81B9
9.4761,36-009288,InvtPart,0.00,0,Inverter Accessories,8F1D81B9
9.1861,32-006480,InvtPart,3600.00,0,Inverters,8F1D81B9
9.1908,32-006497,InvtPart,6000.00,0,Inverters,8F1D81B9
9.2080,36-007629,InvtPart,0.00,0,Inverter Accessories,8F1D81B9
9.4557,36-009285,InvtPart,0.00,0,Inverter Accessories,8F1D81B9
9.3558,03-000943,InvtPart,0.00,0,Racking,1D56D199
9.3667,03-000211,InvtPart,0.00,0,Racking,1D56D199
9.2309,03-000383,InvtPart,0.00,0,Racking,1D56D199
9.2333,03-000184,InvtPart,0.00,0,Racking,1D56D199
9.3280,03-000061,InvtPart,0.00,0,Racking,1D56D199
9.4515,03-000744,InvtPart,0.00,0,Racking,1D56D199
9.4510,03-001109,InvtPart,0.00,0,Racking,1D56D199
9.3338,03-000369,InvtPart,0.00,0,Racking,1D56D199
9.2488,03-000301,InvtPart,0.00,0,Racking,1D56D199
9.3331,03-000078,InvtPart,0.00,0,Racking,1D56D199
9.3459,03-000331,InvtPart,0.00,0,Racking,1D56D199
9.2495,03-000925,InvtPart,0.00,0,Racking,1D56D199
9.4473,03-001143,InvtPart,0.00,0,Racking,1D56D199
9.3252,03-001081,InvtPart,0.00,0,Racking,1D56D199
9.4797,03-001262,InvtPart,0.00,0,Racking,1D56D199
9.2956,03-000133,InvtPart,0.00,0,Racking,1D56D199
9.2959,03-000303,InvtPart,0.00,0,Racking,1D56D199
9.2154,03-000258,InvtPart,0.00,0,Racking,1D56D199
9.7074,32-017147,InvtPart,30000.00,0,Inverters,47759E3F
9.1466,38-016024,NonInvtPart,0.00,0,Other,47759E3F
9.12153,36-112153,InvtPart,0.00,0,Inverter Accessories,47759E3F
9.11997,32-111997,InvtPart,10000.00,0,Inverters,47759E3F
9.912,38-008441,NonInvtPart,0.00,0,Other,47759E3F
9.1350,38-016029,NonInvtPart,0.00,0,Other,47759E3F
9.943,38-008452,NonInvtPart,0.00,0,Other,47759E3F
9.4551,32-008701,InvtPart,0.00,0,Inverter Accessories,47759E3F
9.11753,32-111753,InvtPart,0.00,0,Inverters,47759E3F
9.1451,38-016025,NonInvtPart,0.00,0,Other,47759E3F
9.5869,32-012714,InvtPart,12500.00,0,Inverters,47759E3F
9.927,38-008442,NonInvtPart,0.00,0,Other,47759E3F
9.14908,36-114908,InvtPart,0.00,0,Inverter Accessories,47759E3F
9.4782,32-009323,InvtPart,2000.00,0,Inverters,47759E3F
9.3153,03-000099,InvtPart,0.00,0,Racking,1D56D199
9.3315,03-000324,InvtPart,0.00,0,Racking,1D56D199
9.3753,03-000578,InvtPart,0.00,0,Racking,1D56D199
9.3292,03-000311,InvtPart,0.00,0,Racking,1D56D199
9.2471,03-000087,InvtPart,0.00,0,Racking,1D56D199
9.8905,37-015012,InvtPart,0.00,0,Other,CA067B37
9.14288,37-114288,InvtPart,0.00,0,Other,CA067B37
9.2098,36-007614,InvtPart,0.00,0,Inverter Accessories,47759E3F
9.11996,32-111996,InvtPart,8000.00,0,Inverters,47759E3F
9.5892,32-013039,InvtPart,17000.00,0,Inverters,47759E3F
9.12714,36-112714,InvtPart,0.00,0,Inverter Accessories,47759E3F
9.4766,32-009442,InvtPart,3000.00,0,Inverters,47759E3F
9.934,38-008447,NonInvtPart,0.00,0,Other,47759E3F
9.13630,32-113630,InvtPart,6000.00,0,Inverters,47759E3F
9.4527,32-009414,InvtPart,7000.00,0,Inverters,47759E3F
9.4533,32-009320,InvtPart,3500.00,0,Inverters,47759E3F
9.11775,32-111775,InvtPart,100000.00,0,Inverters,47759E3F
9.4778,36-010369,InvtPart,0.00,0,Inverter Accessories,47759E3F
9.4975,36-010840,InvtPart,0.00,0,Inverter Accessories,47759E3F
9.4983,36-010839,InvtPart,0.00,0,Inverter Accessories,47759E3F
9.4986,32-010848,InvtPart,6000.00,0,Inverters,47759E3F
9.4762,03-001264,InvtPart,0.00,0,Racking,1D56D199
9.3685,03-000535,InvtPart,0.00,0,Racking,1D56D199
9.9056,37-015011,InvtPart,0.00,0,Other,CA067B37
9.12163,37-112163,InvtPart,0.00,0,Other,CA067B37
9.8896,37-015013,InvtPart,0.00,0,Other,CA067B37
9.9440,37-017957,InvtPart,0.00,0,Other,CA067B37
9.8985,37-015010,InvtPart,0.00,0,Other,CA067B37
9.9383,36-016965,InvtPart,0.00,0,Other,C3B75120
9.8467,37-007773,InvtPart,0.00,0,Other,65668054
9.8475,37-007772,InvtPart,0.00,0,Other,65668054
9.14095,37-114095,InvtPart,0.00,0,Other,65668054
9.8152,39-012992,NonInvtPart,0.00,0,Other,201BC0E5
9.11857,38-111857,NonInvtPart,0.00,0,Other,47759E3F
9.11752,32-111752,InvtPart,82800.00,0,Inverters,47759E3F
9.4987,32-010846,InvtPart,4000.00,0,Inverters,47759E3F
9.2251,36-007616,InvtPart,0.00,0,Inverter Accessories,47759E3F
9.4359,32-009295,InvtPart,4000.00,0,Inverters,47759E3F
9.1303,38-010485,NonInvtPart,0.00,0,Other,47759E3F
9.1853,32-006413,InvtPart,1000.00,0,Inverters,47759E3F
9.4812,32-009416,InvtPart,9000.00,0,Inverters,47759E3F
9.2124,36-007605,InvtPart,0.00,0,Inverter Accessories,47759E3F
9.4504,32-009412,InvtPart,5000.00,0,Inverters,47759E3F
9.2060,36-007609,InvtPart,0.00,0,Inverter Accessories,47759E3F
9.2088,36-007590,InvtPart,0.00,0,Inverter Accessories,47759E3F
9.13625,32-113625,InvtPart,3000.00,0,Inverters,47759E3F
9.13816,32-113816,InvtPart,66600.00,0,Inverters,47759E3F
9.12732,36-112732,InvtPart,0.00,0,Inverter Accessories,47759E3F
9.11993,36-111993,InvtPart,0.00,0,Inverter Accessories,47759E3F
9.12399,41-112399,InvtPart,0.00,0,Charging Stations,47759E3F
9.12493,32-112493,InvtPart,8000.00,0,Inverters,47759E3F
9.13032,32-113032,InvtPart,10000.00,0,Inverters,47759E3F
9.13633,32-113633,InvtPart,2200.00,0,Inverters,47759E3F
9.11327,32-111327,InvtPart,5000.00,0,Inverters,47759E3F
9.11763,32-111763,InvtPart,90000.00,0,Inverters,47759E3F
9.13030,32-113030,InvtPart,5000.00,0,Inverters,47759E3F
9.7129,36-017704,InvtPart,0.00,0,Inverter Accessories,47759E3F
9.12131,35-112131,InvtPart,0.00,10300,Storage,47759E3F
9.12491,32-112491,InvtPart,6000.00,0,Inverters,47759E3F
9.12162,37-112162,InvtPart,0.00,0,Other,CA067B37
9.14094,37-114094,InvtPart,0.00,0,Other,65668054
9.5534,32-012706,InvtPart,5000.00,0,Inverters,47759E3F
9.7063,32-017149,InvtPart,33300.00,0,Inverters,47759E3F
9.4358,32-009319,InvtPart,2200.00,0,Inverters,47759E3F
9.1857,32-006429,InvtPart,82800.00,0,Inverters,47759E3F
9.1859,40-006508,InvtPart,0.00,0,Inverters,47759E3F
9.1326,38-012785,NonInvtPart,0.00,0,Other,47759E3F
9.4544,32-009415,InvtPart,8000.00,0,Inverters,47759E3F
9.5051,32-010847,InvtPart,5000.00,0,Inverters,47759E3F
9.1551,38-016026,NonInvtPart,0.00,0,Other,47759E3F
9.4989,32-010845,InvtPart,3680.00,0,Inverters,47759E3F
9.4756,32-009443,InvtPart,4000.00,0,Inverters,47759E3F
9.4826,32-010829,InvtPart,10000.00,0,Inverters,47759E3F
9.1332,38-012786,NonInvtPart,0.00,0,Other,47759E3F
9.11765,32-111765,InvtPart,0.00,0,Inverters,47759E3F
9.4791,32-009444,InvtPart,10000.00,0,Inverters,47759E3F
9.15993,31-115993,InvtPart,375.00,0,Modules,47759E3F
9.1363,38-016028,NonInvtPart,0.00,0,Other,47759E3F
9.4509,32-009321,InvtPart,3000.00,0,Inverters,47759E3F
9.1897,32-006543,InvtPart,0.00,0,Inverter Accessories,47759E3F
9.2091,32-007611,InvtPart,0.00,0,Inverters,47759E3F
9.1254,38-008446,NonInvtPart,0.00,0,Other,47759E3F
9.1364,38-016033,NonInvtPart,0.00,0,Other,47759E3F
9.14590,36-114590,InvtPart,0.00,0,Inverter Accessories,47759E3F
9.13577,35-113577,InvtPart,0.00,10300,Storage,47759E3F
9.13626,32-113626,InvtPart,3500.00,0,Inverters,47759E3F
9.13632,32-113632,InvtPart,10000.00,0,Inverters,47759E3F
9.13629,32-113629,InvtPart,5000.00,0,Inverters,47759E3F
9.13031,32-113031,InvtPart,8000.00,0,Inverters,47759E3F
9.12521,32-112521,InvtPart,6000.00,0,Inverters,47759E3F
9.13642,32-113642,InvtPart,6000.00,0,Inverters,47759E3F
9.12506,32-112506,InvtPart,0.00,0,Inverter Accessories,47759E3F
9.11326,32-111326,InvtPart,4000.00,0,Inverters,47759E3F
9.12133,36-112133,InvtPart,0.00,0,Storage,47759E3F
9.5688,32-012722,InvtPart,0.00,0,Inverter Accessories,47759E3F
9.6591,32-015229,InvtPart,0.00,0,Inverter Accessories,47759E3F
9.6059,32-015231,InvtPart,0.00,0,Inverter Accessories,47759E3F
9.6195,32-015228,InvtPart,0.00,0,Inverter Accessories,47759E3F
9.12552,36-112552,InvtPart,0.00,0,Inverter Accessories,47759E3F
9.6221,32-015226,InvtPart,0.00,0,Inverter Accessories,47759E3F
9.5547,36-012678,InvtPart,0.00,0,Inverter Accessories,47759E3F
9.5548,32-012707,InvtPart,6000.00,0,Inverters,47759E3F
9.5413,32-011781,InvtPart,0.00,0,Inverter Accessories,47759E3F
9.11994,32-111994,InvtPart,5000.00,0,Inverters,47759E3F
9.5854,32-012720,InvtPart,0.00,0,Inverter Accessories,47759E3F
9.5967,32-012710,InvtPart,8000.00,0,Inverters,47759E3F
9.5549,32-012709,InvtPart,7000.00,0,Inverters,47759E3F
9.5546,32-012705,InvtPart,4000.00,0,Inverters,47759E3F
9.11430,31-111430,InvtPart,375.00,0,Modules,47759E3F
9.2121,36-007615,InvtPart,0.00,0,Inverter Accessories,47759E3F
9.4972,36-010614,InvtPart,0.00,0,Inverter Accessories,47759E3F
9.5862,32-012718,InvtPart,0.00,0,Inverter Accessories,47759E3F
9.5690,32-012724,InvtPart,0.00,0,Inverter Accessories,47759E3F
9.2117,36-007597,InvtPart,0.00,0,Inverter Accessories,47759E3F
9.11992,36-111992,InvtPart,0.00,0,Inverter Accessories,47759E3F
9.12210,36-112210,InvtPart,0.00,0,Inverter Accessories,47759E3F
9.4490,32-009296,InvtPart,5000.00,0,Inverters,47759E3F
9.12695,36-112695,InvtPart,0.00,0,Inverter Accessories,47759E3F
9.7057,32-017148,InvtPart,33300.00,0,Inverters,47759E3F
9.2136,36-007589,InvtPart,0.00,0,Inverter Accessories,47759E3F
9.12499,37-112499,InvtPart,0.00,0,Storage,47759E3F
9.13640,32-113640,InvtPart,4000.00,0,Inverters,47759E3F
9.12523,32-112523,InvtPart,8000.00,0,Inverters,47759E3F
9.12583,32-112583,InvtPart,20001.00,0,Inverters,47759E3F
9.2130,36-007613,InvtPart,0.00,0,Inverter Accessories,47759E3F
9.12494,32-112494,InvtPart,9000.00,0,Inverters,47759E3F
9.7120,36-017705,InvtPart,0.00,0,Inverter Accessories,47759E3F
9.13635,32-113635,InvtPart,3000.00,0,Inverters,47759E3F
9.11866,32-111866,InvtPart,0.00,0,Inverter Accessories,47759E3F
9.2095,36-007588,InvtPart,0.00,0,Inverter Accessories,47759E3F
9.940,38-008444,NonInvtPart,0.00,0,Other,47759E3F
9.12750,32-112750,InvtPart,0.00,0,Inverter Accessories,47759E3F
9.7347,32-017998,InvtPart,25000.00,0,Inverters,47759E3F
9.5853,32-012717,InvtPart,17000.00,0,Inverters,47759E3F
9.11999,38-111999,NonInvtPart,0.00,0,Other,47759E3F
9.928,38-008435,NonInvtPart,0.00,0,Other,47759E3F
9.4363,36-009390,InvtPart,0.00,0,Inverter Accessories,47759E3F
9.4981,32-010851,InvtPart,0.00,0,Inverter Accessories,47759E3F
9.12212,36-112212,InvtPart,0.00,0,Inverter Accessories,47759E3F
9.4483,32-009297,InvtPart,6000.00,0,Inverters,47759E3F
9.5684,32-012726,InvtPart,0.00,0,Inverter Accessories,47759E3F
9.12492,32-112492,InvtPart,7000.00,0,Inverters,47759E3F
9.5362,40-011445,InvtPart,0.00,0,Inverters,47759E3F
9.12716,32-112716,InvtPart,0.00,0,Inverter Accessories,47759E3F
9.2129,36-007620,InvtPart,0.00,0,Inverter Accessories,47759E3F
9.1939,36-007591,InvtPart,0.00,0,Inverter Accessories,47759E3F
9.922,38-008445,NonInvtPart,0.00,0,Other,47759E3F
9.925,38-008436,NonInvtPart,0.00,0,Other,47759E3F
9.11995,32-111995,InvtPart,7000.00,0,Inverters,47759E3F
9.12398,41-112398,InvtPart,0.00,0,Charging Stations,47759E3F
9.1323,38-012784,NonInvtPart,0.00,0,Other,47759E3F
9.7026,40-016987,InvtPart,0.00,0,Inverter Accessories,47759E3F
9.5766,32-012700,InvtPart,2200.00,0,Inverters,47759E3F
9.12379,39-012379,NonInvtPart,0.00,0,Other,201BC0E5
9.14929,35-114929,InvtPart,0.00,4800,Storage,9739D87D
9.8805,37-012172,InvtPart,0.00,0,Other,1BAB5E38
9.8343,37-010891,InvtPart,0.00,0,Other,1BAB5E38
9.12228,31-112228,InvtPart,375.00,0,Modules,440C4DBD
9.12556,31-112556,InvtPart,405.00,0,Modules,440C4DBD
9.12125,31-112125,InvtPart,370.00,0,Modules,440C4DBD
9.13648,32-113648,InvtPart,90000.00,0,Inverters,47759E3F
9.5900,32-012716,InvtPart,16000.00,0,Inverters,47759E3F
9.11764,32-111764,InvtPart,100000.00,0,Inverters,47759E3F
9.12208,36-112208,InvtPart,0.00,0,Inverter Accessories,47759E3F
9.2077,36-007592,InvtPart,0.00,0,Inverter Accessories,47759E3F
9.2074,36-007602,InvtPart,0.00,0,Inverter Accessories,47759E3F
9.6173,36-013660,InvtPart,0.00,0,Inverter Accessories,47759E3F
9.2452,36-007781,InvtPart,0.00,0,Inverter Accessories,47759E3F
9.2275,36-007599,InvtPart,0.00,0,Inverter Accessories,47759E3F
9.2097,36-007594,InvtPart,0.00,0,Inverter Accessories,47759E3F
9.14729,36-114729,InvtPart,0.00,0,Inverter Accessories,47759E3F
9.11865,32-111865,InvtPart,0.00,0,Inverter Accessories,47759E3F
9.4970,32-010828,InvtPart,8000.00,0,Inverters,47759E3F
9.15124,41-115124,InvtPart,0.00,0,Charging Stations,47759E3F
9.5904,32-012701,InvtPart,3000.00,0,Inverters,47759E3F
9.12495,32-112495,InvtPart,10000.00,0,Inverters,47759E3F
9.7463,32-018268,InvtPart,30000.00,0,Inverters,47759E3F
9.12490,32-112490,InvtPart,5000.00,0,Inverters,47759E3F
9.2138,35-007617,InvtPart,0.00,0,Inverter Accessories,47759E3F
9.6583,32-015230,InvtPart,0.00,0,Inverter Accessories,47759E3F
9.14907,36-114907,InvtPart,0.00,0,Inverter Accessories,47759E3F
9.11769,32-111769,InvtPart,55000.00,0,Inverters,47759E3F
9.12000,38-120000,NonInvtPart,0.00,0,Other,47759E3F
9.5702,32-012728,InvtPart,0.00,0,Inverter Accessories,47759E3F
9.5429,40-011441,InvtPart,0.00,0,Inverter Accessories,47759E3F
9.12524,32-112524,InvtPart,9000.00,0,Inverters,47759E3F
9.13631,32-113631,InvtPart,8000.00,0,Inverters,47759E3F
9.11755,32-111755,InvtPart,66600.00,0,Inverters,47759E3F
9.4545,36-009389,InvtPart,0.00,0,Inverter Accessories,47759E3F
9.4526,32-009322,InvtPart,3680.00,0,Inverters,47759E3F
9.13628,32-113628,InvtPart,4000.00,0,Inverters,47759E3F
9.11991,38-111991,NonInvtPart,0.00,0,Other,47759E3F
9.771,38-008443,NonInvtPart,0.00,0,Other,47759E3F
9.4770,32-009413,InvtPart,6000.00,0,Inverters,47759E3F
9.2107,36-007608,InvtPart,0.00,0,Inverter Accessories,47759E3F
9.2100,36-007600,InvtPart,0.00,0,Inverter Accessories,47759E3F
9.5002,32-010852,InvtPart,0.00,0,Inverter Accessories,47759E3F
9.11325,32-111325,InvtPart,3000.00,0,Inverters,47759E3F
9.5030,40-011440,InvtPart,0.00,0,Inverter Accessories,47759E3F
9.12132,36-112132,InvtPart,0.00,0,Storage,47759E3F
9.7955,39-012991,NonInvtPart,0.00,0,Other,201BC0E5
9.12380,39-012380,NonInvtPart,0.00,0,Other,201BC0E5
9.12381,39-012381,NonInvtPart,0.00,0,Other,201BC0E5
9.12378,39-012378,NonInvtPart,0.00,0,Other,201BC0E5
9.14928,35-114928,InvtPart,0.00,3550,Storage,9739D87D
9.14931,37-114931,InvtPart,0.00,0,Other,9739D87D
9.14930,35-114930,InvtPart,0.00,0,Storage,9739D87D
9.8817,37-012173,InvtPart,0.00,0,Other,1BAB5E38
9.12557,31-112557,InvtPart,370.00,0,Modules,440C4DBD
9.12550,31-112550,InvtPart,370.00,0,Modules,440C4DBD
9.11418,37-011418,InvtPart,0.00,0,Inverter Accessories,6631841D
9.8846,37-012433,InvtPart,0.00,0,Other,FC27C491
9.8768,37-011413,InvtPart,0.00,0,Other,FC27C491
9.8830,37-012483,InvtPart,0.00,0,Other,FC27C491
9.3348,03-000017,InvtPart,0.00,0,Racking,9E01ED24
9.7749,31-018202,InvtPart,330.00,0,Modules,B49545B4
9.2150,36-007764,InvtPart,0.00,0,Inverter Accessories,8F1D81B9
9.1866,32-006472,InvtPart,1500.00,0,Inverters,8F1D81B9
9.4961,36-010811,InvtPart,0.00,0,Inverter Accessories,8F1D81B9
9.2148,36-007639,InvtPart,0.00,0,Inverter Accessories,8F1D81B9
9.4758,36-010433,InvtPart,0.00,0,Inverter Accessories,8F1D81B9
9.12209,36-112209,InvtPart,0.00,0,Inverter Accessories,47759E3F
9.6058,36-013399,InvtPart,0.00,0,Inverter Accessories,47759E3F
9.5357,40-011446,InvtPart,0.00,0,Inverter Accessories,47759E3F
9.8838,36-012484,InvtPart,0.00,0,Inverter Accessories,E84D2636
9.8827,36-012486,InvtPart,0.00,0,Inverter Accessories,E84D2636
9.13486,36-113486,InvtPart,0.00,0,Other,13AFCF12
9.7468,31-018269,InvtPart,330.00,0,Modules,13AFCF12
9.12369,31-112369,InvtPart,410.00,0,Modules,13AFCF12
9.12146,31-112146,InvtPart,375.00,0,Modules,13AFCF12
9.6208,31-014935,InvtPart,330.00,0,Modules,60272F93
9.5401,34-011518,InvtPart,0.00,0,Racking,A1D55493
9.6570,34-014956,InvtPart,0.00,0,Racking,A1D55493
9.5013,34-010866,InvtPart,0.00,0,Racking,A1D55493
9.4790,34-010416,InvtPart,0.00,0,Racking,A1D55493
9.3966,34-008830,InvtPart,0.00,0,Racking,A1D55493
9.4480,34-009230,InvtPart,0.00,0,Racking,A1D55493
9.10900,34-010900,InvtPart,0.00,0,Racking,A1D55493
9.12841,34-112841,InvtPart,0.00,0,Racking,A1D55493
9.5953,34-013310,InvtPart,0.00,0,Racking,A1D55493
9.5940,34-014958,InvtPart,0.00,0,Racking,A1D55493
9.6183,34-014959,InvtPart,0.00,0,Racking,A1D55493
9.6596,34-014951,InvtPart,0.00,0,Racking,A1D55493
9.14377,34-114377,InvtPart,0.00,0,Racking,A1D55493
9.8460,37-007672,InvtPart,0.00,0,Other,889C4B9E
9.8337,37-010659,InvtPart,0.00,0,Other,889C4B9E
9.8899,37-014993,InvtPart,0.00,0,Other,889C4B9E
9.8359,37-007685,InvtPart,0.00,0,Other,889C4B9E
9.8783,37-012151,InvtPart,0.00,0,Other,889C4B9E
9.11219,37-111219,InvtPart,0.00,0,Other,889C4B9E
9.9585,37-018195,InvtPart,0.00,0,Other,889C4B9E
9.1879,32-006488,InvtPart,25000.00,0,Inverters,8F1D81B9
9.1655,32-006487,InvtPart,20000.00,0,Inverters,8F1D81B9
9.1961,36-007624,InvtPart,0.00,0,Inverter Accessories,8F1D81B9
9.1896,36-006504,InvtPart,0.00,0,Inverter Accessories,8F1D81B9
9.1899,32-006481,InvtPart,4000.00,0,Inverters,8F1D81B9
9.2137,36-007634,InvtPart,0.00,0,Inverter Accessories,8F1D81B9
9.1885,32-006486,InvtPart,20000.00,0,Inverters,8F1D81B9
9.2072,36-007627,InvtPart,0.00,0,Inverter Accessories,8F1D81B9
9.11905,38-111905,NonInvtPart,0.00,0,Other,8F1D81B9
9.2090,36-007631,InvtPart,0.00,0,Inverter Accessories,8F1D81B9
9.11894,38-111894,NonInvtPart,0.00,0,Other,8F1D81B9
9.12519,31-112519,InvtPart,365.00,0,Modules,440C4DBD
9.11415,32-011415,InvtPart,88000.00,0,Inverters,6631841D
9.11417,37-011417,InvtPart,0.00,0,Inverter Accessories,6631841D
9.9551,37-017945,InvtPart,0.00,0,Other,FC27C491
9.8771,37-011408,InvtPart,0.00,0,Other,FC27C491
9.8348,37-010700,InvtPart,0.00,0,Other,FC27C491
9.2470,03-000015,InvtPart,0.00,0,Racking,9E01ED24
9.8832,36-012485,InvtPart,0.00,0,Inverter Accessories,E84D2636
9.12332,31-112332,InvtPart,400.00,0,Modules,13AFCF12
9.12678,31-112678,InvtPart,375.00,0,Modules,13AFCF12
9.12741,31-112741,InvtPart,330.00,0,Modules,13AFCF12
9.13493,36-113493,InvtPart,0.00,0,Other,13AFCF12
9.11222,34-011222,InvtPart,0.00,0,Racking,A1D55493
9.15268,34-115268,InvtPart,0.00,0,Racking,A1D55493
9.15266,34-115266,InvtPart,0.00,0,Racking,A1D55493
9.5931,34-014955,InvtPart,0.00,0,Racking,A1D55493
9.11336,34-111336,InvtPart,0.00,0,Racking,A1D55493
9.6562,34-014957,InvtPart,0.00,0,Racking,A1D55493
9.4367,34-008838,InvtPart,0.00,0,Racking,A1D55493
9.1938,39-007442,InvtPart,0.00,0,Racking,8CBA703B
9.8468,37-007684,InvtPart,0.00,0,Other,889C4B9E
9.9582,37-018198,InvtPart,0.00,0,Other,889C4B9E
9.8342,37-010652,InvtPart,0.00,0,Other,889C4B9E
9.8790,37-012152,InvtPart,0.00,0,Other,889C4B9E
9.9454,37-018197,InvtPart,0.00,0,Other,889C4B9E
9.8269,37-007673,InvtPart,0.00,0,Other,889C4B9E
9.8271,37-007676,InvtPart,0.00,0,Other,889C4B9E
9.9438,37-017754,InvtPart,0.00,0,Other,889C4B9E
9.9384,37-016964,InvtPart,0.00,0,Other,889C4B9E
9.8866,37-013405,InvtPart,0.00,0,Other,889C4B9E
9.8290,37-007774,InvtPart,0.00,0,Other,889C4B9E
9.2125,36-007640,InvtPart,0.00,0,Inverter Accessories,8F1D81B9
9.1540,32-006482,InvtPart,5000.00,0,Inverters,8F1D81B9
9.2146,36-007626,InvtPart,0.00,0,Inverter Accessories,8F1D81B9
9.11268,32-111268,InvtPart,50000.00,0,Inverters,8F1D81B9
9.1654,32-006494,InvtPart,3000.00,0,Inverters,8F1D81B9
9.2085,36-007641,InvtPart,0.00,0,Inverter Accessories,8F1D81B9
9.1653,32-006473,InvtPart,2000.00,0,Inverters,8F1D81B9
9.1870,36-006502,InvtPart,0.00,0,Inverter Accessories,8F1D81B9
9.2259,35-007649,InvtPart,0.00,0,Inverter Accessories,8F1D81B9
9.1863,32-006484,InvtPart,10000.00,0,Inverters,8F1D81B9
9.2112,36-007633,InvtPart,0.00,0,Inverter Accessories,8F1D81B9
9.8357,37-007778,InvtPart,0.00,0,Other,889C4B9E
9.14229,37-114229,InvtPart,0.00,0,Other,889C4B9E
9.8346,37-010653,InvtPart,0.00,0,Other,889C4B9E
9.8336,37-010660,InvtPart,0.00,0,Other,889C4B9E
9.11533,37-111533,InvtPart,0.00,0,Other,889C4B9E
9.8470,37-007777,InvtPart,0.00,0,Other,889C4B9E
9.2140,36-007648,InvtPart,0.00,0,Inverter Accessories,8F1D81B9
9.1900,32-006479,InvtPart,3000.00,0,Inverters,8F1D81B9
9.2293,36-007765,InvtPart,0.00,0,Inverter Accessories,8F1D81B9
9.1858,32-006474,InvtPart,2500.00,0,Inverters,8F1D81B9
9.11907,38-111907,NonInvtPart,0.00,0,Other,8F1D81B9
9.11886,38-111886,NonInvtPart,0.00,0,Other,8F1D81B9
9.1871,32-006485,InvtPart,8000.00,0,Inverters,8F1D81B9
9.1912,36-006505,InvtPart,0.00,0,Inverter Accessories,8F1D81B9
9.11888,38-111888,NonInvtPart,0.00,0,Other,8F1D81B9
9.11877,38-111877,NonInvtPart,0.00,0,Other,8F1D81B9
9.11904,38-111904,NonInvtPart,0.00,0,Other,8F1D81B9
9.11875,38-111875,NonInvtPart,0.00,0,Other,8F1D81B9
9.11883,38-111883,NonInvtPart,0.00,0,Other,8F1D81B9
9.11879,38-111879,NonInvtPart,0.00,0,Other,8F1D81B9
9.5358,32-011462,InvtPart,4400.00,0,Inverters,8F1D81B9
9.12839,38-112839,NonInvtPart,0.00,0,Other,8F1D81B9
9.11900,38-111900,NonInvtPart,0.00,0,Other,8F1D81B9
9.12833,38-112833,NonInvtPart,0.00,0,Other,8F1D81B9
9.16461,31-116461,InvtPart,440.00,0,Modules,01448A03
9.11307,31-111307,InvtPart,445.00,0,Modules,01448A03
9.6576,31-014964,InvtPart,330.00,0,Modules,01448A03
9.7307,31-017936,InvtPart,450.00,0,Modules,01448A03
9.8358,37-007771,InvtPart,0.00,0,Other,7D472C12
9.8279,37-007770,InvtPart,0.00,0,Other,7D472C12
9.12730,34-112730,InvtPart,0.00,0,Racking,85FD942F
9.8813,37-012441,InvtPart,0.00,0,Inverter Accessories,BADDD0C0
9.6641,37-016462,InvtPart,0.00,0,Inverter Accessories,BADDD0C0
9.11297,37-111297,InvtPart,0.00,0,Inverter Accessories,BADDD0C0
9.12547,38-112547,NonInvtPart,0.00,0,Other,BADDD0C0
9.9015,37-017211,InvtPart,0.00,0,Inverter Accessories,BADDD0C0
9.12135,32-112135,InvtPart,0.00,0,Inverters,BADDD0C0
9.9415,37-017697,InvtPart,0.00,0,Inverter Accessories,BADDD0C0
9.6767,37-016461,InvtPart,0.00,0,Inverter Accessories,BADDD0C0
9.11870,37-111870,InvtPart,0.00,0,Inverter Accessories,BADDD0C0
9.8275,32-007655,InvtPart,0.00,0,Inverters,BADDD0C0
9.8340,35-010635,InvtPart,0.00,0,Storage,BADDD0C0
9.8473,37-007678,InvtPart,0.00,0,Inverter Accessories,BADDD0C0
9.11986,37-111986,InvtPart,0.00,0,Inverter Accessories,BADDD0C0
9.12686,35-112686,InvtPart,0.00,0,Storage,BADDD0C0
9.8885,37-013673,InvtPart,0.00,0,Inverter Accessories,BADDD0C0
9.11398,31-111398,InvtPart,375.00,0,Modules,E3EFBBB8
9.12790,31-112790,InvtPart,430.00,0,Modules,E3EFBBB8
9.12791,31-112791,InvtPart,430.00,0,Modules,E3EFBBB8
9.11800,31-111800,InvtPart,370.00,0,Modules,1B2B34E1
9.12667,31-112667,InvtPart,455.00,0,Modules,01448A03
9.7673,31-018065,InvtPart,400.00,0,Modules,01448A03
9.12625,31-112625,InvtPart,395.00,0,Modules,01448A03
9.11503,31-111503,InvtPart,455.00,0,Modules,01448A03
9.12668,31-112668,InvtPart,400.00,0,Modules,01448A03
9.9442,37-018026,InvtPart,0.00,0,Inverter Accessories,BADDD0C0
9.8762,36-011382,InvtPart,2000.00,0,Inverter Accessories,BADDD0C0
9.5256,32-012165,InvtPart,0.00,0,Inverters,BADDD0C0
9.11980,32-111980,InvtPart,6400.00,0,Inverters,BADDD0C0
9.9054,32-016036,InvtPart,0.00,0,Inverters,BADDD0C0
9.12368,31-112368,InvtPart,390.00,0,Modules,C961A543
9.15274,31-115274,InvtPart,395.00,0,Modules,C961A543
9.11976,31-111976,InvtPart,390.00,0,Modules,C961A543
9.11891,38-111891,NonInvtPart,0.00,0,Other,8F1D81B9
9.9405,41-016496,InvtPart,0.00,0,Charging Stations,8F1D81B9
9.11897,38-111897,NonInvtPart,0.00,0,Other,8F1D81B9
9.11903,38-111903,NonInvtPart,0.00,0,Other,8F1D81B9
9.9552,37-017752,InvtPart,0.00,0,Other,889C4B9E
9.8365,37-013404,InvtPart,0.00,0,Other,889C4B9E
9.8471,37-007677,InvtPart,0.00,0,Other,889C4B9E
9.8270,37-007763,InvtPart,0.00,0,Other,889C4B9E
9.8457,37-007559,InvtPart,0.00,0,Other,889C4B9E
9.9414,37-016963,InvtPart,0.00,0,Other,889C4B9E
9.8285,37-007775,InvtPart,0.00,0,Other,889C4B9E
9.9586,37-018196,InvtPart,0.00,0,Other,889C4B9E
9.8487,37-012456,InvtPart,0.00,0,Other,889C4B9E
9.11534,37-111534,InvtPart,0.00,0,Other,889C4B9E
9.8898,37-014994,InvtPart,0.00,0,Other,889C4B9E
9.11882,38-111882,NonInvtPart,0.00,0,Other,8F1D81B9
9.10837,36-010837,InvtPart,0.00,0,Inverter Accessories,8F1D81B9
9.11880,38-111880,NonInvtPart,0.00,0,Other,8F1D81B9
9.11884,38-111884,NonInvtPart,0.00,0,Other,8F1D81B9
9.11889,38-111889,NonInvtPart,0.00,0,Other,8F1D81B9
9.12630,32-112630,InvtPart,10000.00,0,Inverters,8F1D81B9
9.5384,36-011531,InvtPart,0.00,0,Inverter Accessories,8F1D81B9
9.6769,36-016333,InvtPart,0.00,0,Inverter Accessories,8F1D81B9
9.11881,38-111881,NonInvtPart,0.00,0,Other,8F1D81B9
9.11892,38-111892,NonInvtPart,0.00,0,Other,8F1D81B9
9.7715,31-018070,InvtPart,390.00,0,Modules,01448A03
9.12619,31-112619,InvtPart,450.00,0,Modules,01448A03
9.7672,31-018067,InvtPart,385.00,0,Modules,01448A03
9.11275,31-111275,InvtPart,380.00,0,Modules,01448A03
9.12537,31-112537,InvtPart,405.00,0,Modules,01448A03
9.7452,31-018062,InvtPart,395.00,0,Modules,01448A03
9.13703,34-113703,InvtPart,0.00,0,Racking,85FD942F
9.8349,37-011383,InvtPart,2000.00,0,Inverter Accessories,BADDD0C0
9.5535,32-012451,InvtPart,0.00,0,Inverters,BADDD0C0
9.12199,32-112199,InvtPart,0.00,0,Inverters,BADDD0C0
9.9152,37-013672,InvtPart,0.00,0,Inverter Accessories,BADDD0C0
9.9574,32-018125,InvtPart,0.00,0,Inverters,BADDD0C0
9.8486,37-012690,InvtPart,0.00,0,Inverter Accessories,BADDD0C0
9.8803,37-012169,InvtPart,0.00,0,Inverter Accessories,BADDD0C0
9.5493,32-012164,InvtPart,0.00,0,Inverters,BADDD0C0
9.8751,32-010843,InvtPart,2000.00,0,Inverters,BADDD0C0
9.8758,37-011384,InvtPart,2000.00,0,Inverter Accessories,BADDD0C0
9.8765,32-011380,InvtPart,3000.00,0,Inverters,BADDD0C0
9.11987,32-111987,InvtPart,0.00,0,Inverter Accessories,BADDD0C0
9.6219,32-016453,InvtPart,3000.00,0,Inverters,BADDD0C0
9.7255,32-017715,InvtPart,0.00,0,Inverters,BADDD0C0
9.12165,31-112165,InvtPart,375.00,0,Modules,E3EFBBB8
9.12767,31-112767,InvtPart,410.00,0,Modules,E3EFBBB8
9.14866,36-114866,InvtPart,0.00,0,Inverter Accessories,3F5C6594
9.14740,31-114740,InvtPart,425.00,0,Modules,01448A03
9.14446,31-114446,InvtPart,425.00,0,Modules,01448A03
9.14448,31-114448,InvtPart,425.00,0,Modules,01448A03
9.7472,31-018180,InvtPart,375.00,0,Modules,01448A03
9.14783,31-114783,InvtPart,425.00,0,Modules,01448A03
9.12828,31-112828,InvtPart,405.00,0,Modules,01448A03
9.8760,37-011381,InvtPart,2000.00,0,Inverter Accessories,BADDD0C0
9.8777,32-011533,InvtPart,2000.00,0,Inverters,BADDD0C0
9.5898,32-012683,InvtPart,5000.00,0,Inverters,BADDD0C0
9.8323,32-010350,InvtPart,0.00,0,Inverters,BADDD0C0
9.17007,31-117007,InvtPart,355.00,0,Modules,C961A543
9.12801,31-112801,InvtPart,390.00,0,Modules,C961A543
9.12893,31-112893,InvtPart,385.00,0,Modules,C961A543
9.15011,31-115011,InvtPart,375.00,0,Modules,C961A543
9.12551,31-112551,InvtPart,375.00,0,Modules,C961A543
9.11294,31-111294,InvtPart,330.00,0,Modules,C961A543
9.7744,31-018231,InvtPart,330.00,0,Modules,C961A543
9.8881,37-013406,InvtPart,0.00,0,Other,96065619
9.8883,37-014989,InvtPart,0.00,0,Other,58C9AE84
9.8890,37-015001,InvtPart,0.00,0,Other,58C9AE84
9.8967,37-015006,InvtPart,0.00,0,Other,58C9AE84
9.9408,37-017183,InvtPart,0.00,0,Other,58C9AE84
9.12666,37-112666,InvtPart,0.00,0,Other,58C9AE84
9.8959,37-015008,InvtPart,0.00,0,Other,58C9AE84
9.14237,37-114237,InvtPart,0.00,0,Other,58C9AE84
9.8893,37-014976,InvtPart,0.00,0,Other,58C9AE84
9.14379,37-114379,InvtPart,0.00,0,Other,58C9AE84
9.8979,37-015002,InvtPart,0.00,0,Other,58C9AE84
9.8949,37-014990,InvtPart,0.00,0,Other,58C9AE84
9.8974,37-014999,InvtPart,0.00,0,Other,58C9AE84
9.8923,37-015003,InvtPart,0.00,0,Other,58C9AE84
9.8924,37-016319,InvtPart,0.00,0,Other,58C9AE84
9.8984,37-014991,InvtPart,0.00,0,Other,58C9AE84
9.16460,31-116460,InvtPart,435.00,0,Modules,01448A03
9.17008,31-117008,InvtPart,375.00,0,Modules,C961A543
9.14792,31-114792,InvtPart,385.00,0,Modules,C961A543
9.17088,37-117088,InvtPart,0.00,0,Other,96065619
9.15000,37-115000,InvtPart,0.00,0,Other,96065619
9.8909,37-015953,InvtPart,0.00,0,Other,96065619
9.14687,37-114687,InvtPart,0.00,0,Other,96065619
9.11809,37-111809,InvtPart,0.00,0,Other,58C9AE84
9.8962,37-014986,InvtPart,0.00,0,Other,58C9AE84
9.11387,37-011387,InvtPart,0.00,0,Other,58C9AE84
9.9430,37-017336,InvtPart,0.00,0,Other,58C9AE84
9.14236,37-114236,InvtPart,0.00,0,Other,58C9AE84
9.9411,37-017337,InvtPart,0.00,0,Other,58C9AE84
9.8966,37-015007,InvtPart,0.00,0,Other,58C9AE84
9.8934,37-014992,InvtPart,0.00,0,Other,58C9AE84
9.9413,37-017184,InvtPart,0.00,0,Other,58C9AE84
9.8904,37-015005,InvtPart,0.00,0,Other,58C9AE84
9.8958,37-015004,InvtPart,0.00,0,Other,58C9AE84
9.8894,37-014977,InvtPart,0.00,0,Other,58C9AE84
9.13798,37-113798,InvtPart,0.00,0,Inverter Accessories,ADE6F71D
9.16540,31-116540,InvtPart,440.00,0,Modules,01448A03
